VMAF,SSIM,PSNR,VIFp,MS-SSIM,PSNR-HVS,PSNR-HVS-M
60.56694176,0.884582,30.712418,0.424922,0.957052,25.782919,27.370127
59.65848192,0.884916,30.570013,0.423765,0.956875,25.60261,27.143854
60.10544089,0.885512,30.674784,0.425137,0.957203,25.734377,27.308062
57.38568859,0.882147,29.801931,0.420056,0.95367,24.783266,26.060381
58.1173406,0.883095,30.191027,0.420763,0.954727,25.16291,26.567314
55.86650436,0.880018,29.413227,0.413454,0.951559,24.376791,25.579807
54.61575916,0.877517,28.92395,0.408403,0.94834,23.854763,24.947929
56.78078309,0.884885,29.429823,0.421206,0.953772,24.278877,25.426003
56.79214677,0.885545,29.201075,0.423418,0.951979,24.200462,25.306356
56.21774748,0.884342,29.041903,0.420487,0.950147,24.067425,25.140432
57.90458529,0.885644,29.746927,0.422321,0.953543,24.62303,25.846609
59.86212264,0.888706,30.425913,0.429879,0.956495,25.441103,26.855507
60.38096772,0.890394,30.423691,0.434458,0.957365,25.400219,26.795671
60.63549421,0.890145,30.353949,0.434233,0.957016,25.367683,26.743338
61.06637588,0.891202,30.688459,0.43488,0.958936,25.678741,27.170959
60.87663515,0.890501,30.600765,0.434114,0.958692,25.544907,26.995211
58.34372496,0.887109,29.882942,0.427995,0.955137,24.66782,25.894867
60.09444079,0.89129,30.561333,0.435541,0.958577,25.502048,26.961739
63.81597335,0.896947,31.227373,0.449879,0.962005,26.222025,27.819254
62.32990837,0.89551,30.835466,0.446599,0.959612,25.791195,27.244856
61.42281436,0.892905,30.556747,0.439948,0.957418,25.477491,26.840616
63.9656463,0.897175,31.378693,0.448888,0.961899,26.397919,28.034409
63.62306648,0.895935,31.226238,0.447608,0.959413,26.255348,27.830746
62.34447275,0.89291,30.808271,0.441718,0.95617,25.75634,27.178001
63.57317373,0.896926,31.400286,0.447119,0.960619,26.424084,28.048243
65.20418341,0.89922,31.752228,0.452907,0.962442,26.828571,28.561831
63.18324364,0.897242,31.309282,0.448221,0.960433,26.24066,27.78167
65.57998594,0.90159,31.643387,0.459584,0.963703,26.682272,28.319427
65.37990125,0.901483,31.689253,0.457073,0.963597,26.759188,28.434683
65.03683404,0.900679,31.566765,0.454819,0.963085,26.602234,28.229034
66.66339806,0.903118,31.966795,0.46197,0.965118,27.093063,28.866131
67.15763092,0.903885,32.050117,0.464852,0.965733,27.186174,28.979813
66.944289,0.903535,31.998753,0.463325,0.96537,27.125198,28.905836
66.77658614,0.903116,31.911667,0.460947,0.96474,27.029171,28.797697
66.48496349,0.903176,31.928528,0.461958,0.964814,27.038723,28.804888
66.50957226,0.902731,31.910696,0.461861,0.963569,27.014675,28.754066
66.2369832,0.903042,31.668549,0.462647,0.961147,26.718586,28.331425
66.8863428,0.904374,31.771965,0.465648,0.964463,26.800709,28.450218
67.99338235,0.906791,32.209309,0.471544,0.966418,27.330746,29.153227
67.44480992,0.906799,32.137215,0.470336,0.966103,27.246746,29.041061
68.33329152,0.907876,32.323563,0.474304,0.967504,27.467386,29.326393
68.52017284,0.908159,32.343933,0.475053,0.967827,27.48049,29.344177
67.9441585,0.907507,32.222401,0.472378,0.967393,27.32494,29.145084
68.22921288,0.907381,32.243099,0.473251,0.967641,27.35202,29.18833
65.17665461,0.90181,31.594311,0.456667,0.96344,26.536325,28.110802
65.41785518,0.902689,31.501179,0.45954,0.96329,26.416744,27.940502
66.98863491,0.905745,31.875856,0.467351,0.965714,26.872679,28.531979
67.89355405,0.908361,32.18145,0.473498,0.967634,27.23032,29.005079
69.41000417,0.910797,32.478218,0.481576,0.969323,27.600842,29.482714
61.98822217,0.892938,30.52389,0.440802,0.955407,25.280962,26.518728
69.63781184,0.912352,32.426018,0.483728,0.969926,27.513622,29.327003
69.48759917,0.913483,32.419491,0.487008,0.969925,27.494242,29.277399
66.325227,0.908772,31.60548,0.47437,0.965347,26.537922,27.996546
70.37285639,0.91569,32.604259,0.494697,0.970831,27.719852,29.513813
74.43395413,0.925357,33.416542,0.527299,0.973873,28.710701,30.615566
73.43141173,0.9254,33.079441,0.527502,0.972405,28.281485,30.003527
72.1769153,0.923855,32.725719,0.523233,0.972969,27.617796,29.155888
74.04181845,0.926067,33.274525,0.5303,0.974437,28.361713,30.130722
76.17251337,0.930861,34.00703,0.541503,0.977661,29.382158,31.551628
75.37497763,0.930517,33.701153,0.541351,0.97603,28.995825,30.935371
76.60066741,0.932674,34.043541,0.54749,0.978219,29.406849,31.5527
77.71392397,0.933787,34.302197,0.5513,0.978877,29.730322,31.986748
78.46994723,0.93782,34.429974,0.563296,0.979913,29.822472,32.00354
79.3967962,0.939381,34.619537,0.570268,0.980976,30.021339,32.271023
79.24712236,0.938432,34.621071,0.566296,0.980252,30.04567,32.283394
77.29646521,0.936669,34.184269,0.558134,0.978723,29.431767,31.43755
76.49252908,0.93535,33.868046,0.553976,0.977624,29.01141,30.860407
75.92850554,0.933579,33.674828,0.548445,0.976768,28.763639,30.53727
68.12617877,0.907546,30.64147,0.50216,0.956042,25.234331,26.174751
66.36862748,0.904217,30.376646,0.498225,0.95339,24.934139,25.8251
75.96386697,0.935996,33.749111,0.55846,0.977445,28.842251,30.532249
74.66272132,0.930542,32.976543,0.544341,0.972701,27.94541,29.383617
47.83070424,0.820596,21.726831,0.421861,0.806588,16.821562,17.008673
54.32159615,0.85384,22.66885,0.451447,0.875561,17.920895,18.128969
58.74800502,0.823891,21.350748,0.430246,0.782959,16.577986,16.765795
47.47910907,0.80082,20.141834,0.407352,0.704386,15.34982,15.511554
58.17545387,0.874532,23.721811,0.463461,0.81462,19.034544,19.263536
46.99616038,0.829371,21.552221,0.407616,0.711994,16.746792,16.92025
46.89526831,0.830557,21.553562,0.413989,0.712126,16.749432,16.9195
62.5016613,892,26.728754,0.482334,0.905642,21.678032,22.059589
55.92925957,0.87437,24.018608,0.460135,0.832402,19.169163,19.41398
55.43580448,0.86268,23.219456,0.449598,0.809559,18.429291,18.646147
56.66294965,0.878522,25.826654,0.458925,0.869516,20.60593,20.970755
55.6247818,0.882877,25.831226,0.460512,0.882645,20.621326,20.981218
55.34794897,0.877285,25.488749,0.454665,0.879165,20.329609,20.6737
49.62052644,0.85296,23.81822,0.433016,0.822802,18.746059,19.013075
56.2596457,0.882032,26.528107,0.465863,0.900222,21.245193,21.648363
64.00276921,0.908137,29.220032,0.49951,0.946206,23.848383,24.515196
47.9026128,0.860578,24.505388,0.444099,0.846472,19.266964,19.56069
52.43746337,0.87942,26.323202,0.463954,0.899386,20.935345,21.336203
63.69718198,0.912092,29.462425,0.500427,0.949739,24.012787,24.696438
55.01100463,0.881889,26.332102,0.465173,0.903101,20.904367,21.311548
51.78775378,0.870466,25.479971,0.459284,0.876716,20.065699,20.42314
56.68019183,0.892558,27.394089,0.48385,0.921723,21.949255,22.450699
77.42220454,0.940989,33.984222,0.566456,0.978243,29.270542,30.96085
59.97938285,0.900372,28.134447,0.4919,0.926689,22.81941,23.382092
70.24261993,0.927438,31.524197,0.532157,0.964389,26.433126,27.45068
61.22152209,0.904021,28.236244,0.493988,0.928865,22.990423,23.531086
55.47226283,0.887423,26.271889,0.473415,0.894622,21.037897,21.438978
60.88369535,0.911736,28.373241,0.504642,0.941597,23.076654,23.644634
61.20288426,0.914239,28.621212,0.507326,0.941985,23.362946,23.947584
52.06577363,0.885674,25.309151,0.471699,0.88147,20.251858,20.584263
59.00149324,0.910367,27.709812,0.501601,0.934402,22.521782,23.026569
68.93570361,0.921256,30.330765,0.520709,0.95916,25.161718,25.971533
59.46872775,0.89045,26.677031,0.478582,0.914648,21.457251,21.908739
51.55116829,0.851487,23.479326,0.437245,0.836299,18.418131,18.681175
62.58093924,0.896313,27.195349,0.484781,0.928861,22.056631,22.523752
61.81451789,0.893447,26.46966,0.484184,0.922568,21.415419,21.815525
52.70655869,0.858512,23.043465,0.448009,0.849799,18.166748,18.403212
53.05302532,0.86754,22.513395,0.457365,0.857885,17.785662,17.988808
63.61229025,0.905234,26.29772,0.497141,0.930921,21.446302,21.815248
58.65965958,0.880535,22.760998,0.469185,0.874641,18.106649,18.30681
65.26603889,0.908426,25.860577,0.508487,0.906356,21.141586,21.470659
60.2774346,0.88303,21.757236,0.477674,0.865909,17.274652,17.42856
55.97173313,0.87128,20.238375,0.470291,0.845916,15.834114,15.950525
66.17341446,0.914127,24.219965,0.515516,0.938655,19.835903,20.054537
68.27097875,0.927452,32.02562,0.521469,0.966063,26.884516,28.072569
63.50756385,0.914524,30.06661,0.498237,0.951981,24.818903,25.620876
60.79743569,0.905966,28.992514,0.488675,0.938833,23.71579,24.369884
69.54617841,0.930294,32.563972,0.529764,0.968621,27.44665,28.737406
69.94664438,0.930302,32.851166,0.531002,0.969468,27.75165,29.100311
59.85141906,0.902314,29.179768,0.484499,0.939824,23.665466,24.340998
71.60395685,0.933962,33.273418,0.54088,0.972532,28.268354,29.78224
73.60925219,0.937233,33.878532,0.551493,0.97487,29.023754,30.70435
68.99839084,0.929075,32.470177,0.52918,0.966603,27.424276,28.669922
74.33625433,0.938334,34.024406,0.555178,0.975515,29.179756,30.896952
76.33552833,0.941822,34.493607,0.57055,0.979208,29.745687,31.64319
76.36681021,0.941841,34.501801,0.570782,0.979232,29.75465,31.65486
70.05265384,0.950491,33.605743,0.569267,0.975806,28.543007,30.162334
71.88081735,0.95074,33.88203,0.570619,0.977068,28.874369,30.620251
71.10439915,0.949239,33.695301,0.566055,0.976172,28.674006,30.369923
70.88364235,0.948326,33.645977,0.563111,0.976228,28.635813,30.369856
72.0538532,0.947746,33.722828,0.56406,0.976783,28.724874,30.480368
69.07150357,0.944029,32.817638,0.550484,0.97385,27.733921,29.287893
67.40805892,0.940485,31.935804,0.541783,0.970538,26.768185,28.085909
75.93437378,0.95112,34.250847,0.580834,0.980442,29.401709,31.428345
73.99349006,0.948839,33.907784,0.570525,0.978413,29.01602,30.882887
64.85953463,0.926981,30.944553,0.518504,0.953989,25.765427,26.786108
76.92109218,0.953297,34.759441,0.590684,0.982232,30.015776,32.224369
76.25926528,952,34.51572,0.584171,0.981293,29.696344,31.786102
72.52370783,0.94643,33.42038,0.564617,0.977072,28.440968,30.134907
71.74572488,0.943748,33.002762,0.557994,0.974861,27.939976,29.479261
74.48460497,0.948672,34.079628,0.57303,0.979086,29.243916,31.157772
78.61193952,0.954039,34.953037,0.597418,0.983454,30.232155,32.47525
78.93840741,0.95496,35.101482,0.601385,0.983826,30.456989,32.804024
80.01643379,0.955861,35.361526,0.607102,0.984537,30.78586,33.238144
80.49042851,0.955956,35.393448,0.60798,0.984523,30.8146,33.277779
78.16048847,0.95356,34.849625,0.594392,0.982718,30.177803,32.389198
79.65584891,0.954706,35.114361,0.600462,0.983558,30.474522,32.821671
76.89948041,0.950562,34.106041,0.587658,0.981126,29.259134,31.129705
74.17051689,0.947004,33.553669,0.576117,0.978756,28.609957,30.268244
80.58411749,0.956515,35.581894,0.612006,0.98493,31.102961,33.651566
79.50531468,0.954538,35.081577,0.60092,0.983674,30.417234,32.68499
72.22541909,0.939119,32.545609,0.557462,0.972858,27.178604,28.432291
77.70531563,0.952694,34.689564,0.594084,0.982489,29.869856,31.940243
77.34057732,0.951892,34.607475,0.589506,0.981628,29.763416,31.780239
76.13141216,0.949312,34.334927,0.582065,0.979748,29.432177,31.335117
64.30558176,0.914354,29.940847,0.517158,0.949016,24.339096,25.13216
77.87421414,0.952221,34.948833,0.593742,0.982434,30.173574,32.290398
81.05772226,0.956584,35.761963,0.614643,0.98516,31.268684,33.822155
78.95272316,0.954754,35.238407,0.604039,0.983714,30.550505,32.767666
81.65518775,0.956989,35.966042,0.618001,0.985467,31.503546,34.12376
80.95205524,0.955963,35.308937,0.613189,0.984783,30.653364,32.880669
80.44089412,0.955419,34.804073,0.612578,0.984484,30.027988,31.959501
80.62516845,0.955844,34.994892,0.614958,0.984602,30.244743,32.227657
81.68953169,0.957418,36.035439,0.621377,0.985557,31.611765,34.283459
81.66731575,0.956871,35.695217,0.620865,0.985452,31.163219,33.590313
81.9552773,0.957538,35.814293,0.624207,0.985891,31.271305,33.720661
82.2454776,0.957885,35.897778,0.627186,0.986155,31.411583,33.9272
81.0378118,0.956558,35.079758,0.620959,0.985361,30.35648,32.405651
79.73765196,0.955228,34.550598,0.614493,0.984307,29.765085,31.59141
82.05574683,0.958405,36.065327,0.627649,0.98635,31.653862,34.279606
80.33330984,0.95719,35.762032,0.62045,0.985514,31.230536,33.667706
80.42700941,0.957259,35.796955,0.621061,0.985627,31.273476,33.729412
77.46949372,0.950927,34.349319,0.597053,0.981876,29.404142,31.186333
80.18340783,0.95674,35.453312,0.617914,0.985244,30.793106,33.046246
74.93920505,0.948548,33.74548,0.590775,0.98002,28.659494,30.190033
76.93166672,0.952381,34.598446,0.600521,0.982312,29.696737,31.559959
78.75759747,0.955006,35.40543,0.606823,0.984239,30.744627,33.042568
79.08186742,0.956075,35.486294,0.614004,0.984569,30.814514,33.09251
74.66390234,0.949185,33.864578,0.589009,0.979911,28.832918,30.464359
76.0936244,0.952043,34.131634,0.598756,0.981715,29.077127,30.70986
82.11876303,0.958882,36.300652,0.631698,0.98654,31.908804,34.617599
80.48529424,0.958468,35.683186,0.62903,0.986111,31.032413,33.29488
81.36010545,0.958259,35.886456,0.630088,0.98617,31.287031,33.624313
80.72559287,0.957062,35.63409,0.627302,0.985056,30.950697,33.101906
79.73043168,0.95506,35.115761,0.623442,0.983003,30.350321,32.245125
81.70024855,0.958961,36.232529,0.633095,0.986453,31.791014,34.37162
81.0648609,0.956567,35.701336,0.625797,0.984601,31.079481,33.246483
76.88362487,0.950002,33.936131,0.606859,0.977532,28.989574,30.449598
77.41628592,0.952749,34.203186,0.610035,0.980717,29.170624,30.692219
80.48060825,0.957584,35.706829,0.626822,0.985121,31.104111,33.294304
79.01615313,0.955398,35.113857,0.614424,0.984006,30.271523,32.230743
69.51674142,0.935609,31.733868,0.564181,0.967281,26.45772,27.459135
72.94435751,0.943899,33.102699,0.582579,0.974416,28.030025,29.30932
75.30174023,0.952116,33.662804,0.602957,0.980051,28.519913,29.922676
75.24843535,0.952128,33.643875,0.603044,0.980074,28.491611,29.883661
80.09090777,0.956816,35.463894,0.622395,0.983107,30.798368,32.846478
75.17281162,0.950056,32.814857,0.605495,0.971663,27.606546,28.714848
72.91931468,0.946846,32.292183,0.592725,0.967523,27.08749,28.143381
78.69081776,0.957258,35.033981,0.620463,0.984678,30.253901,32.246593
74.10261124,0.950626,33.135765,0.599161,0.978812,27.954794,29.280264
80.10538039,0.95848,35.557945,0.628164,0.985741,30.851158,32.979939
79.15884539,0.956641,34.94183,0.622939,0.984392,30.102274,31.967091
80.51159107,0.958641,35.47538,0.630768,0.986078,30.810125,32.999741
80.63686148,0.957987,35.687878,0.627296,0.985458,31.065174,33.38118
79.03446303,0.955846,35.071255,0.619496,0.983855,30.302639,32.341015
80.40841959,0.958259,35.512375,0.629927,0.985485,30.827766,32.982857
81.90340305,0.960345,36.206566,0.638697,0.987054,31.721666,34.259827
80.37382027,0.958055,35.093491,0.629819,0.984828,30.309229,32.26009
78.72593059,0.955575,34.263851,0.621821,0.981588,29.442261,31.044075
82.22068752,0.961459,36.282497,0.644199,0.987523,31.814413,34.267048
79.43220378,0.957771,34.995361,0.627501,0.984829,30.246058,32.06789
74.88066598,0.947932,33.046047,0.596347,0.975176,27.917274,29.130253
74.16945821,0.943759,32.359787,0.588844,0.967432,27.222485,28.292187
75.84707516,0.951194,33.911201,0.60534,0.976366,29.044333,30.488199
75.8323828,0.951329,33.920723,0.605767,0.976421,29.055441,30.499214
74.95807144,0.948724,33.375095,0.595619,0.971399,28.479483,29.808849
77.74307138,0.951792,34.236073,0.607905,0.978468,29.40485,30.920687
84.85514714,0.961887,36.833378,0.649488,0.988064,32.529121,35.325062
84.61459186,0.962204,36.886589,0.649542,0.987899,32.597446,35.377651
75.98781329,0.945054,32.328007,0.593344,0.95194,27.626137,28.56122
74.48282473,0.94358,31.505672,0.594075,0.945919,26.718866,27.509583
78.10435753,0.953671,34.652031,0.616203,0.979991,29.908302,31.536709
74.83164707,0.940913,32.594414,0.583793,0.968006,27.638514,28.734049
68.09866411,0.912274,29.003777,0.542148,0.918028,23.889559,24.446814
68.11250983,0.920049,30.029333,0.551431,0.931367,24.819056,25.473373
73.65280513,0.942266,31.806208,0.594017,0.964407,26.49262,27.369091
76.86820294,0.952181,33.720543,0.614487,0.977531,28.669416,29.977659
72.51744491,0.940782,31.57622,0.583429,0.964818,26.168951,27.015375
71.75827983,0.937754,32.100662,0.571437,0.964176,26.916237,27.969391
79.68561338,0.956238,35.264309,0.622963,0.98287,30.460741,32.278316
76.51217347,0.949629,33.339062,0.60535,0.970054,28.406315,29.577789
75.06568816,0.945042,32.08139,0.601952,0.96246,26.924982,27.822767
79.03298166,0.954979,34.215015,0.628787,0.981978,29.073702,30.45466
74.99866912,0.947227,32.541683,0.606594,0.973278,27.235521,28.228031
75.21168967,0.946849,33.136604,0.600594,0.973721,27.964462,29.093525
73.30817901,0.943415,31.807137,0.590893,0.96668,26.514118,27.449183
81.35144349,0.958692,35.382389,0.63873,0.985387,30.488655,32.297722
77.77196416,0.953811,33.85548,0.619699,0.980742,28.647135,29.956272
76.36979855,0.950293,32.859169,0.612775,0.977828,27.523645,28.593714
79.24829507,0.957418,35.073593,0.627241,0.984221,30.218456,31.953926
77.89601427,0.954997,33.797684,0.625138,0.981722,28.660444,29.967241
82.981246,0.961962,36.25457,0.652633,0.987884,31.612038,33.881893
82.75499386,0.96208,36.421268,0.649424,0.987813,31.924437,34.390388
78.79967328,0.955913,33.505096,0.635409,0.982354,28.124781,29.277697
79.92349027,0.956825,33.605904,0.640111,0.983157,28.25687,29.431444
82.68964072,0.961955,36.242043,0.651642,0.987607,31.6728,33.963863
82.57485031,0.961884,36.229294,0.651245,0.987561,31.664948,33.954903
80.03196498,0.956975,34.241398,0.641484,0.981555,29.192032,30.594387
84.16450288,0.96355,37.043137,0.658766,0.988825,32.810772,35.658909
83.69157103,0.961899,36.511871,0.65257,0.98721,32.103619,34.570133
80.14070443,0.957052,33.992371,0.635948,0.983745,28.725513,30.017891
78.13876954,0.955161,33.933109,0.622636,0.982961,28.781818,30.159315
78.14457473,0.954313,34.52166,0.619783,0.978829,29.594481,31.132065
75.37388786,0.948002,33.165642,0.603595,0.974068,27.980396,29.189461
72.79101943,0.950499,33.398045,0.580505,0.974755,28.225872,29.710724
71.61099091,0.94638,32.116665,0.578029,0.966665,26.811584,27.873396
69.26021954,0.940949,31.464113,0.564513,0.958927,26.146725,27.081242
74.83850953,0.954732,34.488705,0.595439,0.981905,29.678701,31.630972
75.49831031,0.952975,33.283806,0.594394,0.981371,27.994753,29.405251
70.76640336,0.942415,31.583433,0.566183,0.966004,26.278751,27.301086
68.67277938,0.935462,30.886385,0.552047,0.952092,25.78643,26.698606
74.73980627,0.949414,33.760326,0.580739,0.975186,28.892847,30.554035
75.51596356,0.952573,34.304874,0.586908,0.979708,29.522776,31.429819
70.67252327,0.940028,31.847322,0.560662,0.968328,26.619076,27.736572
71.62317775,0.939879,30.887213,0.568232,0.94863,25.645557,26.478403
76.18706006,0.952768,34.486946,0.590513,0.979823,29.733608,31.625397
73.68450109,0.945452,33.261559,0.574821,0.972425,28.349369,29.752747
76.36078516,0.952614,34.354328,0.594224,0.977541,29.628271,31.396437
79.64949122,0.957362,35.28046,0.615231,0.984861,30.483109,32.567188
75.49782783,0.950185,33.544415,0.593774,0.977759,28.452505,29.859718
74.34211028,0.948209,32.776329,0.588816,0.967903,27.809532,29.057545
75.6561707,0.949315,32.621258,0.595348,0.970003,27.307625,28.445583
76.61721649,0.953189,34.09716,0.600104,0.978141,29.255514,30.960991
72.88612893,0.943573,31.907806,0.580894,0.963985,26.602951,27.610306
78.0979389,0.955475,34.247143,0.608969,0.982324,29.235502,30.858458
78.37465199,0.956361,34.688316,0.611285,0.977893,30.065332,31.885366
76.1036868,0.954306,33.606857,0.610314,0.973795,28.728804,30.131247
79.79460103,0.959717,35.034321,0.631855,0.985306,30.171314,32.041611
78.56412006,0.959225,34.964294,0.625321,0.984502,30.176325,32.066437
78.80040387,0.959599,35.025276,0.627262,0.984821,30.255472,32.174114
71.85878373,0.941303,32.139633,0.578215,0.953727,27.069801,28.061108
80.26611645,0.960548,35.643921,0.629411,0.986619,30.998039,33.312382
76.29894901,0.95155,33.527672,0.6043,0.979058,28.3487,29.78421
68.48860995,0.930263,30.474632,0.559241,0.947549,25.054228,25.859022
68.72935217,0.932762,30.857563,0.563117,0.95484,25.441816,26.305809
75.739654,0.952906,34.109001,0.600116,0.979289,29.067465,30.706835
71.06342982,0.943516,32.586544,0.576711,0.969274,27.315722,28.520617
70.14901564,0.941367,32.457779,0.572392,0.969692,27.180912,28.345303
82.02608179,0.962136,36.281475,0.640371,0.987489,31.807772,34.422928
80.81787718,0.960268,35.589287,0.637449,0.983828,30.960144,33.123344
79.26872423,0.957391,34.780987,0.626452,0.975965,30.060226,31.829128
80.91019072,0.960985,35.88773,0.632837,0.98629,31.312551,33.716793
75.66302539,0.953221,33.626926,0.606981,0.978117,28.610023,30.060602
78.7900707,0.958529,34.920826,0.626846,0.981647,30.193806,32.061848
80.40726135,0.958773,34.883366,0.631001,0.98168,30.198217,31.988913
75.74812273,0.948889,32.540325,0.603304,0.969411,27.436043,28.548468
75.76028688,0.950132,32.882252,0.603484,0.977333,27.609583,28.823412
82.57977175,0.962237,36.041504,0.644081,0.987122,31.482637,33.852379
81.28222385,0.960604,35.405178,0.635954,0.985237,30.668255,32.678284
77.18759423,0.953004,33.8619,0.609023,0.979172,28.771076,30.228392
72.64368375,0.941037,32.296692,0.58068,0.971552,26.963551,28.065504
80.70777558,0.95969,35.061893,0.636614,0.983252,30.25556,32.090683
77.7562487,0.952917,33.773281,0.618997,0.975528,28.744164,30.128101
80.39315199,0.959638,35.582085,0.633424,0.983923,30.874809,32.905487
80.87558842,0.960095,35.288464,0.641739,0.979876,30.637611,32.488941
79.68265308,0.958321,34.735023,0.634493,0.975935,30.015381,31.666662
78.69153076,0.958389,34.808933,0.626152,0.981101,30.02758,31.833664
82.3550002,0.963629,36.157001,0.651007,0.98648,31.632256,33.97036
72.95042314,0.942928,32.558434,0.587483,0.969512,27.395941,28.549877
67.19215647,0.923284,30.44894,0.557425,0.95243,25.032751,25.835281
75.54386228,0.951434,33.897789,0.604613,0.9805,28.744926,30.221434
81.30791617,0.96214,35.684444,0.644089,0.986891,30.977411,33.137173
73.64615891,0.946653,31.761164,0.602266,0.96322,26.409698,27.319378
73.46788373,0.94615,31.708126,0.600294,0.96021,26.33024,27.211937
81.76445803,0.962602,36.057301,0.646146,0.986702,31.429821,33.680706
77.87017688,0.957711,34.270283,0.626343,0.980956,29.229681,30.72912
75.16656665,0.952293,33.14502,0.610101,0.975587,28.031982,29.264906
82.29786668,0.962608,35.852455,0.647762,0.987232,31.196352,33.46291
79.58916077,0.958017,33.563446,0.634938,0.984271,28.292233,29.624899
80.32703327,0.959071,33.620415,0.640398,0.985765,28.390474,29.763571
80.29384831,0.959004,33.60006,0.640224,0.985724,28.367626,29.736322
78.14711218,0.95279,32.473553,0.622734,0.974059,27.239376,28.333569
73.66609515,0.940798,31.002401,0.598521,0.960962,25.686041,26.544781
80.72911876,0.958018,34.588177,0.635766,0.982546,29.691053,31.326406
75.96861224,0.950062,32.580399,0.609838,0.974689,27.318981,28.452215
75.33824657,0.948963,32.467037,0.606394,0.975526,27.102989,28.21995
80.52483222,0.958117,34.361713,0.635179,0.980603,29.380678,30.903116
79.54533056,0.95581,33.715385,0.629374,0.979596,28.51343,29.851027
72.90847108,0.943597,31.910471,0.596659,0.964562,26.574631,27.539713
72.53662791,0.9443,31.926489,0.595362,0.969651,26.588493,27.590508
75.10286028,0.950367,32.586403,0.60932,0.976753,27.219669,28.326187
76.87697608,0.953709,32.968075,0.616936,0.97977,27.706486,28.893362
71.49091145,0.940848,30.641014,0.596569,0.952217,25.440416,26.151823
82.40186495,0.963339,36.047543,0.649858,0.987905,31.443502,33.807018
81.34138109,0.961066,35.089615,0.646293,0.986067,30.075487,31.83346
78.83587975,0.956118,33.262764,0.633676,0.980163,27.957027,29.163385
78.51302555,0.9564,32.906239,0.633944,0.97918,27.661963,28.764997
80.84458907,0.960256,34.845459,0.64613,0.976671,30.11492,31.680714
77.59667645,0.953159,32.422211,0.629482,0.96062,27.269255,28.240242
78.26655235,0.955977,33.340755,0.633076,0.978639,28.144207,29.3403
73.39305363,0.942654,31.26803,0.595014,0.95015,26.092102,26.965515
68.15864548,0.930891,29.915722,0.568281,0.932523,24.584332,25.289663
66.50862009,0.925338,29.569733,0.558964,0.928592,24.163054,24.829641
65.14538373,0.920727,29.038673,0.551539,0.923263,23.64146,24.273012
76.4021422,0.953221,32.911789,0.623421,0.975275,27.567646,28.656546
75.58747566,0.951552,32.353848,0.622312,0.971897,26.980339,27.974682
76.26369787,0.950204,32.080238,0.626375,0.970593,26.59416,27.496136
82.76070261,0.96277,36.004948,0.654726,0.987163,31.395836,33.550716
77.69075332,0.954391,34.055271,0.623765,0.981511,29.030846,30.452087
77.32874256,0.953213,33.860844,0.621417,0.980764,28.845694,30.266491
83.22590332,0.962433,35.815681,0.655944,0.987292,30.999605,33.001255
80.16469638,0.957908,34.243927,0.639584,0.983467,28.991985,30.405819
77.7985787,0.954609,33.132973,0.625673,0.9782,27.991394,29.19051
78.49228816,0.957473,33.737896,0.631646,0.979823,28.683125,30.013437
75.79727176,0.951007,32.496983,0.616378,0.972812,27.244877,28.30612
77.0791908,0.950342,32.358204,0.627048,0.968007,27.200029,28.133055
74.12780218,0.944972,31.142435,0.606282,0.958103,25.976824,26.773655
81.26854478,0.960625,35.352551,0.644665,0.984652,30.523926,32.328075
77.24149769,0.95313,33.002075,0.624831,0.975079,27.767874,28.856018
79.3512146,0.957571,33.82373,0.63714,0.979762,28.734161,30.039408
80.39084596,0.958178,34.237106,0.645301,0.978854,29.272301,30.549044
79.30888366,0.958006,33.86264,0.641502,0.979035,28.87752,30.083691
82.19375009,0.962204,35.756104,0.656318,0.98346,31.163542,33.035557
82.46644526,0.962166,35.861137,0.647836,0.986491,31.151651,33.190987
72.83941059,0.939126,31.371681,0.595578,0.965871,26.001841,26.828552
73.0664638,0.93824,31.272474,0.598387,0.966702,25.80625,26.631971
81.52971687,0.959063,35.414394,0.639621,0.985037,30.657743,32.508068
75.93808096,0.944768,32.753708,0.606077,0.973353,27.627697,28.708023
74.20888881,0.940758,32.071907,0.597518,0.971731,26.801321,27.771536
83.12299741,0.96312,36.206036,0.656568,0.987653,31.652649,33.862545
82.76813186,0.962097,35.901669,0.65149,0.987228,31.243391,33.368252
80.57718736,0.958264,34.778996,0.638689,0.983887,29.913689,31.566265
80.54769717,0.954715,33.569141,0.636988,0.979388,28.392933,29.611767
82.86132594,0.961216,35.703369,0.649676,0.986991,30.922829,32.914028
78.07855805,0.95207,33.717438,0.621731,0.979978,28.590797,29.887255
78.12622855,0.950897,33.741119,0.618207,0.97838,28.670902,29.972652
78.41993418,0.952494,33.321438,0.626603,0.978341,28.101431,29.279869
77.05888692,0.946464,32.215462,0.616957,0.970924,26.899576,27.834415
78.28480884,0.950586,32.601513,0.628194,0.974714,27.257103,28.249723
80.62291032,0.956712,33.98011,0.639905,0.981784,28.960789,30.328392
79.55891965,0.954537,33.343151,0.633067,0.980167,28.16297,29.309296
77.90279689,0.951841,32.39011,0.624868,0.976627,27.145617,28.113607
71.99433271,0.950312,32.494854,0.578954,0.974328,27.236013,28.451931
78.40611478,0.957801,34.098293,0.610868,0.983008,29.07239,30.734913
71.29722608,0.945584,31.374823,0.579163,0.971985,25.926826,26.861446
73.45709,0.95035,32.007397,0.591415,0.976764,26.545088,27.569317
79.74579638,0.959857,34.95145,0.618212,0.985286,30.170294,32.25412
78.04562163,0.956468,33.36536,0.612995,0.982933,28.086369,29.460825
75.90473943,0.954908,32.902821,0.599604,0.980937,27.818508,29.119768
78.22572087,0.95864,33.516273,0.614579,0.983869,28.849888,30.347782
77.41914199,0.956746,32.595695,0.611516,0.982684,27.650656,28.861191
80.32522808,0.961409,34.594128,0.62918,0.986464,29.844715,31.690136
82.43145846,0.963997,36.364353,0.641338,0.987792,32.034962,34.834972
83.19664114,0.963705,36.335464,0.640222,0.987502,31.986059,34.748173
81.65602246,0.96184,35.541504,631,0.986151,30.916063,33.255276
82.97637556,0.963777,36.29351,0.641546,0.987595,31.895405,34.626312
81.89351523,0.962982,35.941109,0.637809,0.987284,31.424095,33.930012
80.96606681,0.961894,35.674129,0.632054,0.986499,31.091898,33.439175
82.12609056,0.963777,36.16917,0.642418,0.987547,31.674246,34.241421
82.14553466,0.963442,35.887867,0.64278,0.987388,31.306562,33.686333
82.04175081,0.963339,35.836666,0.641343,0.987431,31.255943,33.69059
82.40403011,0.9641,36.04282,0.645374,0.987934,31.512474,34.064735
82.30970517,0.963467,36.237011,0.641777,0.987653,31.72476,34.319969
80.45087767,0.961013,35.511662,0.630145,0.986169,30.744854,32.920143
77.79626398,0.955497,34.270962,0.611739,0.982604,29.157341,30.800512
83.01405651,0.964342,36.419285,0.645556,0.988118,31.953169,34.624393
82.4297251,0.96132,35.633141,0.643034,0.983663,31.072241,33.119278
80.06095451,0.957882,34.710854,0.627629,0.980367,29.949345,31.669216
79.39824813,0.958168,35.048805,0.620891,0.983142,30.250326,32.190552
83.6464431,0.964581,36.712631,0.651231,0.988146,32.373997,35.167057
82.5326247,0.962919,36.201141,0.64449,0.986818,31.698032,34.125214
83.04642586,0.96431,36.579853,0.648894,0.988165,32.219753,34.971962
83.08680555,0.964448,36.592136,0.649299,0.988254,32.232372,34.994156
81.82825714,0.962462,35.951778,0.637651,0.986863,31.480606,33.928085
81.28931743,0.961787,35.656746,0.634872,0.986514,31.118355,33.450596
84.26653095,0.965733,36.925564,0.656655,0.989288,32.651646,35.593391
82.85846805,0.96413,36.449406,0.64781,0.988456,32.016312,34.661777
80.68959633,0.960542,35.458511,0.632669,0.986529,30.715433,32.826008
83.87796122,0.964605,36.607777,0.650597,0.988793,32.175045,34.899044
83.8437077,0.964972,36.645142,0.652755,0.988885,32.232311,34.983044
81.0865279,0.960806,35.334599,0.634207,0.986527,30.557766,32.651234
84.34560285,0.965765,36.847378,0.658145,0.989117,32.492451,35.330528
84.08449808,0.965926,36.853889,0.659232,0.989233,32.500835,35.355148
83.88190645,0.965497,36.747166,0.656188,0.98896,32.371998,35.177624
83.64448951,0.964191,35.922993,0.653838,0.988419,31.255045,33.512901
85.15628923,0.966448,37.105469,0.6637,0.989807,32.844185,35.864326
84.90895557,0.966185,37.062733,0.6617,0.989598,32.780815,35.765442
84.56881019,0.965458,36.553501,0.658917,0.98925,32.064629,34.658047
82.66050364,0.962626,35.522087,0.646365,0.987495,30.656261,32.622086
84.20338005,0.965466,36.879162,0.655942,0.989252,32.531361,35.395412
83.24471967,0.964348,36.462078,0.649051,0.988502,31.942471,34.509453
83.18081273,0.964323,36.274651,0.650769,0.988647,31.616632,34.04472
80.92793347,0.96096,35.403572,0.637321,0.986812,30.521715,32.540478
80.97124838,0.960921,35.402077,0.637272,0.9868,30.520912,32.535667
83.15022891,0.964104,36.289371,0.649499,0.988457,31.693705,34.152798
85.09729167,0.966846,37.060986,0.666263,0.989869,32.735535,35.661404
83.39346278,0.964936,36.273689,0.654201,0.988487,31.708311,34.164909
83.87847918,0.965656,36.60775,0.656837,0.988979,32.134743,34.800499
83.98456924,0.965653,36.752483,0.657666,0.98925,32.322071,35.077274
82.55159706,0.96397,36.121929,0.649639,0.988296,31.478657,33.852669
81.05998819,0.960979,35.149071,0.637708,0.986559,30.257486,32.201649
81.11781976,0.960983,35.207294,0.636938,0.986469,30.330168,32.312363
84.97817372,0.966646,37.069485,0.664947,0.98965,32.720863,35.610096
82.45829871,0.963563,36.085632,0.646646,0.987889,31.403839,33.757767
80.71191124,0.96102,35.480083,0.635452,0.986611,30.67211,32.787079
85.18133989,0.966955,37.143902,0.666722,0.98974,32.818207,35.809982
83.59415715,0.965265,36.523331,0.658127,0.988871,31.975718,34.566246
84.96542657,0.967283,37.230358,0.670111,0.990092,32.952057,35.986778
84.57587271,0.966284,36.602551,0.663966,0.989531,32.107647,34.710262
83.65593772,0.965445,36.21941,0.659294,0.988959,31.56374,33.8983
85.16896234,0.967465,37.01339,0.672614,0.990186,32.627617,35.422443
85.27557588,0.96727,36.789528,0.671834,0.990065,32.296577,34.949337
84.93853825,0.967267,37.038322,0.669399,0.990101,32.720776,35.672844
83.37537784,0.965619,36.438549,0.658809,0.989247,31.908886,34.501972
85.13579892,0.967394,37.19202,0.670435,0.990291,32.913971,35.955185
84.60662289,0.96668,36.740215,0.666413,0.989943,32.274437,35.010612
81.29738748,0.962086,35.031528,0.646101,0.987774,30.124088,32.061134
82.77536997,0.964139,35.285015,0.657366,0.988693,30.490021,32.490765
85.31759163,0.967944,37.232121,0.675241,0.990531,32.971699,36.012245
83.8716503,0.966652,36.593159,0.667116,0.989864,32.147339,34.777084
85.18338372,0.967861,37.235493,0.673834,0.990435,32.993847,36.029202
84.20180241,0.966912,36.784855,0.6693,0.989859,32.406651,35.145748
84.17272258,0.966941,36.785851,0.669468,0.989865,32.410831,35.15641
84.89425043,0.967271,37.021976,0.672663,0.990191,32.684856,35.480495
83.85501154,0.966084,36.443321,0.665855,0.98957,31.85936,34.273319
83.99348779,0.966035,36.445007,0.667067,0.989611,31.862698,34.244656
83.2815941,0.964777,35.882309,0.663358,0.989022,31.099758,33.13269
84.64178869,0.966966,36.810242,0.672433,0.990123,32.370098,34.95623
84.86245868,0.967294,36.866982,0.674742,0.990221,32.408791,34.982853
84.31653895,0.96639,36.256153,0.672589,0.989766,31.489321,33.598122
85.25918418,0.967257,36.716312,0.676872,0.990347,32.168453,34.609123
85.71443027,0.968451,37.403637,0.680811,0.990831,33.205456,36.259102
83.06328467,0.965717,35.748562,0.667975,0.989155,30.91765,32.811237
84.08710411,0.966762,36.327274,0.672437,0.989899,31.724308,33.984295
85.86215209,0.968368,37.398891,0.679669,0.990699,33.194641,36.287659
84.72129248,0.967413,36.754444,0.673106,0.990195,32.287666,34.907089
83.57533218,0.965852,36.151459,0.664017,0.989405,31.565428,33.892853
85.5282547,0.968162,37.397331,0.676476,0.990563,33.15646,36.184452
85.67494587,0.968083,37.339897,0.676504,0.990539,33.114086,36.173313
83.81024405,0.966392,36.591827,0.66555,0.989656,32.078316,34.659424
84.49314499,0.966467,36.592167,0.666821,0.989641,31.995516,34.455074
84.54349937,0.966136,36.963497,0.664277,0.989362,32.606457,35.40324
82.26179231,0.963964,36.199139,0.650056,0.98788,31.568903,33.897423
83.11323073,0.965756,36.484207,0.660333,0.989042,31.882053,34.268745
82.70716259,0.964885,36.259232,0.657504,0.988716,31.563231,33.835918
79.55832039,0.960083,34.832527,0.637513,0.986069,29.73896,31.406153
79.11895818,0.958668,34.741261,0.635158,0.984485,29.645784,31.261454
78.88033919,0.957031,34.297718,0.63414,0.98029,29.297962,30.74078
86.49856612,0.96875,37.818638,0.684046,0.990622,33.714512,36.870136
83.9886552,0.964734,36.581284,0.666296,0.987029,32.10461,34.359627
85.27875767,0.967474,37.393101,0.675355,0.989986,33.123222,35.977829
85.91641315,0.968356,37.648479,0.681539,0.990534,33.47546,36.524456
84.88303886,0.967319,37.108913,0.674267,0.98969,32.816586,35.51844
85.52047618,0.967815,37.376637,0.677528,0.99004,33.156372,36.071674
84.62652654,0.966323,31.519249,0.675298,0.988662,26.803011,27.461197
83.74018292,0.965485,31.435364,0.668976,0.988093,26.721224,27.390444
86.195462,0.968737,37.655903,0.682902,0.99059,33.468441,36.515465
85.4390957,0.967864,37.343346,0.676153,0.990368,33.059238,35.98188
83.58004258,0.965653,36.374325,0.663334,0.98927,31.794655,34.167976
84.74012173,0.966724,36.663708,0.672458,0.989866,32.150364,34.63483
85.38058632,0.967706,36.843712,0.679496,0.990387,32.262238,34.718632
86.29429689,0.968556,37.155106,0.685376,0.99086,32.624474,35.154671
85.84216791,0.96804,36.642498,0.682851,0.990658,31.87421,34.056396
86.27985507,0.968433,36.93932,0.684753,0.990774,32.580223,35.09684
86.8266987,0.969094,37.582844,0.688169,0.991229,33.473595,36.551319
86.48252506,0.968531,37.1255,0.68627,0.991024,32.581547,35.017006
86.37252384,0.968638,37.683453,0.684933,0.991146,33.629684,36.825661
86.29489621,0.968687,37.754742,0.68457,0.991131,33.686554,36.945515
85.81610828,0.968337,37.582451,0.681417,0.990914,33.443962,36.580196
85.60362793,0.967707,37.366589,0.677452,0.990535,33.096142,35.974144
74.571026,0.957995,34.387741,0.609722,0.979953,29.361961,31.066786
81.83581905,0.961872,35.982185,0.632967,0.987209,31.591696,34.265522
82.05205677,0.962357,36.072239,0.636378,0.987621,31.697828,34.436413
81.40460567,0.961857,35.764233,0.633426,0.987282,31.253822,33.789581
82.31998407,0.963211,36.275463,0.64052,0.988001,31.943653,34.782173
82.49911397,0.963559,36.285908,0.642825,0.988319,31.940105,34.802101
82.77669474,0.963826,36.367485,0.644601,0.988443,32.036102,34.933239
83.18785741,0.96481,36.390453,0.650672,0.988997,32.075676,34.99342
82.91772202,0.964691,35.907623,0.650612,0.989021,31.465231,33.999966
83.10481641,0.964855,36.033295,0.651599,0.989111,31.626591,34.238106
83.47622233,0.964675,34.366009,0.65284,0.989157,29.612507,31.142736
82.75186758,0.964172,34.244228,0.649427,0.988864,29.452145,30.960035
83.09810892,0.964674,34.891441,0.651784,0.989125,30.252384,32.021736
84.23404986,0.966034,36.800724,0.65896,0.98967,32.595169,35.679195
84.35875755,0.966172,36.811474,0.660584,0.989794,32.576767,35.651676
84.47161645,0.966364,36.83469,0.661847,0.98988,32.60178,35.681309
84.06127255,0.965895,36.734554,0.659097,0.98965,32.470455,35.472221
84.31273338,0.966325,36.874924,0.661871,0.989855,32.655273,35.739323
83.89662919,0.965704,36.643616,0.657656,0.98952,32.316788,35.220577
83.54927653,0.965412,36.437984,0.655076,0.989373,32.025707,34.782909
79.5361833,0.959415,35.024288,0.629762,0.985873,30.110998,32.039986
77.60449743,0.955407,34.153484,0.617091,0.983464,29.055073,30.677923
81.7760819,0.963225,35.819664,0.643753,0.988029,31.18796,33.574051
82.5140698,0.963953,36.190155,0.648841,0.988443,31.656595,34.165344
82.06609738,0.96343,35.871277,0.646947,0.988029,31.222349,33.533009
84.13992828,0.965875,36.588226,0.662547,0.989418,32.169388,34.886257
84.21832382,0.966115,36.632786,0.664318,0.989564,32.258602,35.011581
84.05829296,0.966026,36.56638,0.663833,0.989459,32.201401,34.903122
82.76698919,0.964835,35.929432,0.657664,0.988634,31.350584,33.633099
82.14231152,0.964202,35.945633,0.650297,0.988264,31.292553,33.613518
83.61247081,0.965819,36.489338,0.659042,0.989498,32.076763,34.832561
76.37239906,0.955649,33.816601,0.620742,0.98339,28.736347,30.237925
79.39388493,0.9609,35.030746,0.637747,0.986759,30.148178,32.083439
78.76172756,0.958675,34.487606,0.628397,0.984929,29.46364,31.212025
74.19808044,0.950364,32.861927,0.604359,0.978698,27.52424,28.789684
82.63479508,0.965044,36.26152,0.653387,0.988753,31.747707,34.342712
81.88605744,0.962406,35.520294,0.648574,0.984506,30.864779,32.897144
78.17879783,0.955827,33.627735,0.629243,0.97492,28.62031,29.913462
78.92704146,0.958102,34.319321,0.633232,0.978084,29.473524,31.021547
80.31367685,0.958325,34.222748,0.641138,0.983182,29.32258,30.812496
81.02991875,0.959138,35.053593,0.640136,0.983723,30.406904,32.231152
76.45555191,0.949578,32.953648,0.614707,0.976436,27.943052,29.112579
76.96510872,0.953364,32.649895,0.620113,0.976487,27.576981,28.645496
75.55080354,0.949956,32.209541,0.612547,0.969861,26.98951,27.915367
71.57443551,0.941774,30.801523,0.591711,0.960932,25.620752,26.383419
78.37474073,0.954804,32.734135,0.627949,0.981905,27.370411,28.428688
76.04319693,0.951419,32.607937,0.617289,0.978716,27.28023,28.3596
75.91989142,0.951108,32.575779,0.616543,0.978451,27.243282,28.315145
68.13175078,0.929415,30.065472,0.563574,0.955376,24.732115,25.46427
70.86287525,0.924982,29.80443,0.566379,0.945721,24.525032,25.186203
76.82228626,0.947716,33.142014,0.601983,0.973334,28.108559,29.348801
65.02559538,0.907084,28.447781,0.535512,0.916698,23.170567,23.749882
67.00196371,0.919297,29.590097,0.548863,0.939821,24.309731,24.996763
77.95531041,0.954327,33.677391,0.617801,0.980917,28.565742,29.929363
76.13344888,0.949546,32.509121,0.605668,0.976357,27.230686,28.313812
73.790119,0.941599,31.806581,0.587454,0.965619,26.518095,27.440264
71.39094447,0.93443,31.043417,0.571761,0.956044,25.780727,26.609932
65.60366509,0.918975,29.421919,0.546119,0.938136,24.048822,24.705206
72.82523768,0.943845,32.221325,0.592138,0.971209,26.840099,27.864286
71.81661814,0.938778,31.555519,0.583152,0.969685,26.179037,27.12023
66.20265906,0.920104,29.466524,0.557258,0.950782,23.96384,24.630499
73.86189292,0.944628,32.175262,0.595987,0.974532,26.760956,27.802654
75.25597597,0.948652,32.445293,0.604583,0.975623,27.039288,28.063631
72.0621389,0.941979,31.625467,0.586684,0.967942,26.339108,27.257351
67.53567039,0.929937,29.758408,0.566059,0.952366,24.330017,25.019886
78.70777187,0.956605,34.391216,0.625557,0.983096,29.403017,30.973328
78.97055088,0.956786,34.430397,0.62662,0.9824,29.50819,31.111549
67.13443395,0.930827,29.775785,0.56623,0.950847,24.424011,25.095772
71.27247365,0.943325,31.507759,0.590007,0.969399,26.150354,27.06716
79.60532336,0.957093,34.505917,0.625167,0.983683,29.459843,31.081549
70.20493913,0.939817,31.455906,0.578614,0.967884,26.102119,27.038492
77.21629858,0.955081,34.226292,0.615408,0.981868,29.199337,30.771534
79.26751569,0.957449,34.560314,0.625821,0.984064,29.49107,31.108824
70.68556213,0.940602,31.686142,0.58188,0.971316,26.2614,27.238928
71.16924988,0.943008,31.946775,0.58688,0.973454,26.480133,27.494339
67.90559941,0.931102,30.617273,0.562512,0.962982,25.078108,25.894575
66.53613091,0.929061,30.394741,0.560371,0.959978,24.879541,25.650928
63.43077464,0.919934,29.387543,0.544795,0.949058,23.932066,24.610706
70.11301816,0.943161,31.114063,0.586773,0.966454,25.684151,26.503767
75.57683102,0.949182,32.05714,0.614291,0.974285,26.535576,27.404133
71.93359725,0.939812,30.563372,0.596291,0.963041,25.104446,25.797022
71.65962154,0.9385,31.06806,0.591598,0.965714,25.58392,26.348335
77.02182809,0.952132,33.651424,0.618075,0.979213,28.455374,29.693443
71.91454031,0.936877,30.932228,0.585781,0.960601,25.633448,26.38986
69.47622041,0.931757,29.835096,0.577505,0.950599,24.588182,25.204855
81.30248233,0.959066,34.977058,0.645467,0.984981,30.027571,31.606056
80.16500304,0.958404,34.917625,0.640782,0.984716,29.825186,31.352497
75.12733731,0.949915,31.988104,0.622481,0.971993,26.750961,27.583065
75.04161633,0.949518,31.761478,0.621623,0.971762,26.519501,27.355434
80.79660625,0.959102,34.956547,0.641819,0.985387,29.948498,31.591595
79.25482348,0.955541,33.200745,0.636473,0.980941,27.872669,28.942865
77.03308632,0.950843,31.978401,0.624004,0.973914,26.794565,27.685184
73.74842311,0.946693,31.397436,0.60792,0.971683,25.887815,26.726507
69.77887229,0.937929,30.068697,0.588317,0.962504,24.607306,25.318466
72.55051678,0.943534,31.700455,0.598798,0.972418,26.250504,27.174685
74.03047724,0.945976,31.859221,0.601794,0.973795,26.512669,27.443748
69.05602886,0.932039,28.858549,0.574646,0.956101,23.572622,24.157642
74.27157873,0.944761,30.064575,0.611649,0.965467,24.710316,25.353252
73.91962503,0.946904,31.608273,0.617791,0.970012,26.183971,27.003296
73.30758231,0.942493,31.392748,0.603238,0.970448,25.867895,26.659842
68.26228742,0.931588,29.671165,0.579497,0.95338,24.197893,24.820583
73.6425558,0.944169,30.918451,0.612721,0.965818,25.450369,26.180584
79.10964241,0.955578,33.688698,0.638556,0.981792,28.471956,29.729309
73.89149446,0.943476,29.983849,0.620125,0.961459,24.560946,25.167406
73.53571523,0.942578,29.925667,0.616968,0.956405,24.601727,25.18689
77.53333162,0.949292,32.715954,0.627003,0.972703,27.442131,28.454525
72.10767463,0.939821,30.576099,0.608817,0.959451,25.115974,25.804768
77.6318804,0.953603,33.492119,0.632868,0.980213,28.282051,29.476376
78.33001921,0.953019,33.471733,0.629344,0.98099,28.205076,29.394901
71.37731658,0.937893,30.523554,0.597324,0.965401,24.914318,25.634743
72.01682643,0.940842,30.735619,0.601582,0.967781,25.15645,25.927015
70.13311006,0.930811,29.196199,0.587928,0.953891,23.482891,24.076982
77.90731832,0.952162,32.439926,0.630209,0.979232,26.957457,27.892302
73.51887399,0.942673,29.867374,0.61193,0.963141,24.356428,24.949514
71.25611733,0.936249,29.366659,0.595658,0.947122,24.074265,24.639984
68.68106633,0.931416,29.096766,0.579752,0.950037,23.864923,24.433718
66.02205756,0.923632,28.10128,0.565261,0.936218,22.893826,23.371656
77.28556358,0.951439,32.279785,0.6302,0.977781,26.872343,27.761034
75.38240417,0.940571,29.638111,0.613109,0.958047,24.337772,24.895403
71.02900817,0.930031,27.630173,0.590372,0.939249,22.575638,23.020065
72.09243745,0.93526,28.014166,0.593918,0.954745,22.975462,23.437382
70.50742134,0.932036,27.641447,0.588555,0.948255,22.618654,23.044651
79.91611375,0.951379,31.8937,0.635423,0.980126,26.40398,27.246458
73.41531699,0.937486,28.936108,0.600813,0.9618,23.693529,24.232155
80.57326763,0.956975,33.701691,0.641055,0.984229,28.49345,29.679886
81.25335571,0.957936,33.878887,0.645104,0.984457,28.721254,29.953337
77.08663687,0.950742,31.305672,0.626161,0.976067,26.007074,26.766069
75.31635491,0.944629,29.822903,0.614234,0.965448,24.664337,25.237621
65.89232307,0.936138,29.357786,0.54748,0.956175,24.135738,24.774673
70.02841841,0.939618,28.789883,0.5793,0.960004,23.695391,24.236252
77.74513398,0.9557,31.56221,0.616412,0.98222,26.516048,27.358362
74.95921914,0.951055,30.846529,0.603942,0.976348,25.828577,26.627903
72.51719888,0.948497,30.162613,0.597493,0.973163,25.155371,25.876801
78.49223407,0.959454,33.534897,0.62674,0.984331,28.598331,29.909903
77.81131961,0.958537,33.718895,0.623097,0.983096,28.95541,30.431892
73.90996536,0.952108,32.371128,0.609189,0.972219,27.135645,28.194565
72.19723793,0.949372,31.591366,0.602591,0.966797,26.239647,27.150707
81.99459053,0.963149,36.012691,0.640562,0.987163,31.538593,34.020023
80.54570415,0.961682,35.487984,0.63371,0.986087,30.826382,33.039028
71.35452228,0.944166,31.68898,0.588171,0.969852,26.283413,27.264498
74.04060634,0.9499,32.92326,0.600687,0.97673,27.72057,28.985077
80.35676835,0.959841,35.409248,0.624578,0.985455,30.705095,32.870018
71.77979095,0.945649,32.815128,0.58377,0.973958,27.59148,28.867405
77.40795083,0.957589,34.959862,0.615777,0.983417,30.134855,32.061024
66.92214157,0.928269,30.66147,0.554615,0.95958,25.179735,26.028757
66.76314243,0.928225,30.656267,0.554623,0.959635,25.174736,26.024515
73.33640043,0.946926,32.673328,0.587826,0.975735,27.451246,28.686937
78.88417708,0.959091,35.022785,0.625555,0.984437,30.17754,31.997517
81.56724376,0.963339,36.206963,0.641442,0.987166,31.682747,34.175655
79.75783803,0.960492,35.220833,0.632425,0.984156,30.411036,32.353748
82.45563177,0.962189,36.153103,0.641643,0.986126,31.641174,34.0522
78.49002694,0.956409,34402,0.62264,0.976332,29.577547,31.20056
74.36495564,0.946579,32.501827,0.596792,0.963415,27.419575,28.574955
75.19325617,0.948572,32.814148,0.599685,0.974671,27.600018,28.813509
70.25673036,0.937174,31.254852,0.576694,0.964072,25.741003,26.641663
73.9702914,0.94683,32.55685,0.599377,0.973294,27.193172,28.316622
65.40240655,0.918279,29.685432,0.547122,0.944842,24.065716,24.753916
64.84817669,0.913664,29.474922,0.542124,0.941533,23.831705,24.484562
81.04555546,0.959812,35.616199,0.630624,0.985234,30.9235,33.069473
67.91394552,0.928188,30.671602,0.553444,0.951519,25.215927,26.028761
71.59872968,0.94133,32.171478,0.580096,0.963525,26.945126,28.002254
75.89369495,0.952535,33.778751,0.608382,0.979371,28.756035,30.203411
71.9035509,0.943535,32.128296,0.587149,0.968912,26.888231,27.936621
70.89368135,0.936505,31.060163,0.577768,0.949915,25.922516,26.792446
72.79458477,0.941532,29.881191,0.588387,0.956305,24.903915,25.603075
72.11928458,0.939585,29.693563,0.583864,0.954798,24.676853,25.358681
79.48067456,0.955611,31.561966,0.628482,0.976769,26.609436,27.448517
79.49840582,0.956112,34.042789,0.627676,0.975138,29.219389,30.593632
75.44310966,0.949253,32.508629,0.603114,0.969043,27.435444,28.496405
74.08176,0.945231,32.165668,0.593065,0.970394,26.920181,27.94006
74.70749041,0.946757,32.582729,0.595526,0.971553,27.405607,28.530819
83.09431597,0.963109,36.491474,0.645016,0.987968,32.072845,34.773453
72.60138189,0.941422,32.37542,0.585057,0.964962,27.180643,28.257269
70.5811663,0.934798,31.609774,0.572726,0.958507,26.349566,27.270926
76.18093242,0.950959,33.462605,0.607287,0.976782,28.397331,29.653961
73.75990516,0.944704,32.099949,0.596142,0.962505,26.914158,27.847786
74.2266829,0.944957,31.536303,0.598795,0.95284,26.495728,27.289864
72.83901067,0.943612,31.293285,0.593798,0.957215,26.268518,27.051308
69.73187015,0.935374,30.485531,0.575217,0.950624,25.409637,26.110632
77.11201632,0.953186,33.734905,0.615081,0.980084,28.813009,30.150227
72.13663215,0.936224,31.563829,0.579245,0.963857,26.276022,27.131704
68.96833237,0.92811,30.62826,0.56233,0.954687,25.33172,26.086298
70.30321522,0.935398,31.289749,0.574698,0.961456,25.985285,26.84877
78.36879458,0.955615,34.408638,0.62672,0.981619,29.332523,30.798077
80.68092782,0.960127,35.496902,0.640458,0.985653,30.70278,32.611507
68.77692093,0.934132,31.212986,0.568595,0.965714,25.850813,26.714529
67.42315893,0.929326,30.761023,0.565088,0.9618,25.269556,26.049908
75.13359408,0.948903,33.145992,0.606237,0.976951,27.874842,29.000259
70.72505133,0.938505,30.236361,0.585516,0.968352,24.896141,25.590561
74.37918951,0.950058,31.174168,0.608686,0.977379,26.015779,26.821188
81.3529024,0.961442,34.519726,0.646718,0.986434,29.524151,30.929928
79.97089676,0.959458,32.044991,0.637953,0.984972,27.15069,27.95401
78.42065683,0.954823,30.203074,0.622324,0.981613,25.399403,26.007208
78.59618637,0.954057,31.340828,0.621639,0.98082,26.570898,27.396624
80.11892421,0.958374,34.467377,0.634715,0.983605,29.423475,30.943043
77.70183212,0.953743,33.342815,0.621626,0.980262,28.02216,29.228287
75.420184,0.947923,32.817146,0.607285,0.975333,27.488659,28.634476
76.30286301,0.950066,33.736435,0.611467,0.977234,28.655499,30.060364
76.10506293,0.949994,33.705837,0.611372,0.977229,28.626545,30.027664
78.41676122,0.953665,33.893478,0.626197,0.978486,28.870173,30.268204
75.09776739,0.946144,32.248127,0.608934,0.965154,26.95299,27.885605
71.62150284,0.94017,31.264107,0.593361,0.960772,25.95343,26.773458
75.15801671,0.949496,32.832626,0.610876,0.973835,27.655714,28.733002
79.29846392,0.958795,35.15062,0.63515,0.984429,30.254578,31.987694
74.02578192,0.947626,32.524815,0.607478,0.975583,27.119211,28.174938
73.55893084,0.944077,31.825569,0.60351,0.97162,26.296341,27.234753
73.15386083,0.943517,31.67774,0.598925,0.970317,26.127413,27.037165
78.52294905,0.954601,33.271549,0.629021,0.980384,27.814426,28.934566
75.79226069,0.950104,31.948786,0.616429,0.97434,26.438662,27.358572
79.56828381,0.957729,33.539761,0.639464,0.982976,28.113314,29.314648
79.22675136,0.956976,33.394455,0.638284,0.982742,28.015526,29.200823
77.53845808,0.954598,31.967823,0.634135,0.981018,26.554617,27.463827
79.31403904,0.958619,33.204987,0.642678,0.984586,28.099213,29.282057
72.38779647,0.937179,30.832661,0.590187,0.955375,25.495918,26.297081
67.39779434,0.925586,29.76362,0.568991,0.941898,24.340508,25.041918
76.1351332,0.951318,33.247612,0.617748,0.976827,27.99095,29.264261
76.81206167,0.952126,33.119434,0.618608,0.979057,27.786234,28.950336
75.29287424,0.949977,32.53397,0.612372,0.976557,27.231543,28.313177
75.66335256,0.95093,32.496071,0.617137,0.973341,27.290539,28.29426
78.31227858,0.955845,33.674946,0.63393,0.976507,28.57616,29.829039
78.78012442,0.957939,34.219501,0.635533,0.982285,29.091927,30.493193
76.40199555,0.953762,33.156685,0.623006,0.978148,27.905396,29.059088
75.76207373,0.952309,32.91404,0.618552,0.976695,27.575012,28.67288
80.00746916,0.959634,34.964008,0.640296,0.98456,29.963995,31.601139
76.24990516,0.952047,32.905804,0.617296,0.978007,27.709536,28.792805
74.66900477,0.949619,32.394344,0.6136,0.973861,27.226597,28.214121
81.7056397,0.962834,36.055454,0.654011,0.986394,31.366743,33.488766
79.21100338,0.960245,34.607014,0.645867,0.984356,29.481379,30.960052
75.64475424,0.955482,32.154842,0.630941,0.980252,26.857122,27.851273
75.73499819,0.953475,31.689232,0.632854,0.975742,26.338984,27.215294
77.97772721,0.957888,33.804581,0.642989,0.981909,28.573835,29.85821
77.06618954,0.956789,33.034588,0.638663,0.980569,27.696644,28.780861
75.46647254,0.953283,31.952719,0.626965,0.978182,26.43984,27.326633
74.91492615,0.94943,32.399288,0.610468,0.973707,27.216084,28.251959
71.82375564,0.942902,31.448021,0.594723,0.965829,26.233858,27.130011
74.56832403,0.949836,32.581509,0.611263,0.975562,27.240084,28.306408
74.64823526,0.953198,32.135284,0.619149,0.976977,26.968336,27.967381
73.91373605,0.952583,31.634441,0.61824,0.975654,26.526976,27.444643
75.06483743,0.953417,31.820213,0.627686,0.973082,26.738403,27.669369
79.25758359,0.955618,33.67527,0.639235,0.973351,28.60265,29.840832
74.92582831,0.948741,31.524492,0.623133,0.970238,26.161045,27.096407
74.20906135,0.949339,31.541334,0.621393,0.976727,26.094751,27.071672
75.35286954,0.950612,32.097412,0.626101,0.973815,26.704718,27.717209
76.98893465,0.951351,32.950169,0.62128,0.972123,27.698345,28.842552
70.25531197,0.937572,30.039951,0.59065,0.957853,24.595591,25.355522
75.96213251,0.953162,31.528526,0.630045,0.978336,26.054272,26.935139
77.70645613,0.955985,31.961794,0.644229,0.980826,26.545866,27.487221
75.48318322,0.952224,31.159819,0.631274,0.974451,25.798946,26.651047
76.96428107,0.953815,32.767864,0.629601,0.976064,27.478521,28.579397
73.15034284,0.938456,31.268894,0.594181,0.959804,25.911867,26.754915
70.05401319,0.930124,30.293583,0.580308,0.947949,24.883566,25.614048
75.44408192,0.945899,32.567112,0.607931,0.969617,27.352009,28.37888
69.80173772,0.933021,30.671909,0.58043,0.961725,25.19973,25.993708
66.07970297,0.923002,29.555784,0.564515,0.951816,23.992197,24.656836
71.62620212,0.938846,31.149946,0.592508,0.963231,25.718107,26.532078
76.38799183,0.950841,33.012123,0.612166,0.978408,27.624195,28.741913
74.71666438,0.953966,34.00415,0.589018,0.976999,28.899136,30.540874
70.19654741,0.942455,31.15626,0.579789,0.970521,25.525078,26.410143
71.94274664,0.947033,31.614077,0.591532,0.974002,26.036978,26.971111
79.62635904,0.959577,34.684025,0.626286,0.984794,29.717434,31.45656
75.0805302,0.951515,31.02914,0.603128,0.978815,25.636652,26.503435
73.46441921,0.951303,29.836187,0.601959,0.971009,24.65918,25.372265
73.35299542,0.948631,27.790087,0.59806,0.943112,22.904325,23.370047
72.50656099,0.945269,27.555761,0.59135,0.931708,22.653656,23.103577
66.89394265,0.927273,28.661083,0.557319,0.939954,23.291887,23.932028
69.46169639,0.934821,30.46306,0.568484,0.963425,24.964279,25.843582
68.85851665,0.930594,30.308638,0.561931,0.962251,24.793697,25.67457
66.56757857,0.924595,29.491539,0.552376,0.952978,23.893837,24.665117
72.3403092,0.942217,30.899609,0.589782,0.96217,25.386316,26.212919
79.84769869,0.959175,34.87722,0.627511,0.983615,29.948874,31.75625
75.83724556,0.952643,32.595959,0.613222,0.974857,27.234814,28.313139
80.89218685,0.960881,35.375706,0.636455,0.985451,30.504375,32.454983
75.91354546,0.950164,31.858189,0.611238,0.974287,26.461567,27.411207
73.13360837,0.946047,31.129744,0.600236,0.968904,25.625624,26.462152
80.56710609,0.960845,35.475975,0.636522,0.985691,30.684504,32.715687
77.93845918,0.95388,33.787086,0.61471,0.976296,28.846918,30.262741
70.6793263,0.93642,30.888823,0.578223,0.958548,25.461226,26.263357
70.53783156,0.937545,30.985933,0.581128,0.960651,25.482437,26.272629
71.9269171,0.94436,31.63954,0.595307,0.970736,26.059547,26.931513
79.3259919,0.959109,34.975456,0.63079,0.984152,29.959291,31.695566
75.71995034,0.952964,31.053904,0.612565,0.978789,25.644888,26.490755
76.27560572,0.953306,31.054077,0.613727,0.979821,25.631258,26.464611
78.14576806,0.955459,34.168304,0.619797,0.982385,29.163229,30.770416
74.99526833,0.948254,33.228558,0.602165,0.976488,28.113594,29.408487
72.7974475,0.94461,31.66227,0.591945,0.972572,26.254614,27.203644
75.20290496,0.951344,32.241497,0.605931,0.976551,26.892811,27.907042
72.30928699,0.945643,31.304834,0.592721,0.970989,25.859856,26.73995
77.78844298,0.955928,34.246387,0.6241,0.979809,29.324753,30.799873
74.38623273,0.945888,32.248371,0.598264,0.967734,27.035305,28.07457
74.29446508,0.948522,32.41349,0.599568,0.971824,27.156637,28.256035
78.00145962,0.95621,33.350761,0.623278,0.978351,28.293148,29.608549
77.50928548,0.954359,33.461781,0.618113,0.968184,28.60202,29.877176
77.26666866,0.95378,32.597744,0.623511,0.975474,27.268221,28.308836
76.32125023,0.952458,31.958529,0.620497,0.974237,26.559509,27.48711
79.87175068,0.957848,32.770348,0.638293,0.982077,27.451872,28.532713
80.8304055,0.959468,33.895325,0.642413,0.980534,28.927279,30.316788
79.86229244,0.957533,33.105633,0.637037,0.97788,28.010927,29.19976
79.72954324,0.958051,32.743633,0.636627,0.983685,27.324135,28.328678
81.01909321,0.961882,34.62249,0.643557,0.985742,29.663969,31.283941
78.15422132,0.957357,33.3148,0.625999,0.980863,28.185431,29.438046
74.91026499,0.950331,31.733337,0.605865,0.976439,26.470116,27.44875
74.64951909,0.949377,31.917799,0.602725,0.977152,26.608364,27.622538
73.57488424,0.946477,31.520758,0.595451,0.975908,26.21965,27.137505
69.29927574,0.935997,30.177931,0.577585,0.964561,24.850088,25.5849
74.0874088,0.948509,32.166489,0.604385,0.97461,27.044905,28.03245
72.77440999,0.938928,31.093483,0.589867,0.959662,25.968624,26.804979
65.18742954,0.914965,27.923487,0.552119,0.919191,22.79697,23.294271
70.0510585,0.934653,29.815784,0.57666,0.953539,24.680407,25.311785
70.83287103,0.940562,31.742399,0.580746,0.964147,26.658354,27.608383
69.46476913,0.936779,31.225836,0.572441,0.960783,26.101004,26.99575
71.80419366,0.943588,32.063648,0.583845,0.970844,26.988487,28.083599
76.87698128,0.950928,33.21529,0.607268,0.978821,28.191763,29.581396
72.28752331,0.937238,31.253685,0.581583,0.966857,25.938593,26.916523
73.67274842,0.942337,32.090618,0.588378,0.970716,26.843773,27.984297
74.29084706,0.943935,32.26363,0.593059,0.973059,26.976601,28.120985
79.79377705,0.957921,34.795837,0.626728,0.983565,29.941124,31.782721
71.24549536,0.935776,31.514133,0.574759,0.967066,26.209166,27.229187
70.09130303,0.931628,31.180809,0.567411,0.96291,25.872736,26.816689
76.36354048,0.951572,33.230431,0.606261,0.97908,28.205811,29.5331
72.15374343,0.939469,31.597639,0.582986,0.970411,26.290609,27.287308
68.64550627,0.922949,30.060093,0.563592,0.95106,24.585283,25.312399
70.04969445,0.926645,30.441029,0.569021,0.95335,25.047846,25.820581
68.17146838,0.919636,29.754171,0.558153,0.947797,24.32378,25.037834
77.76192793,0.953938,33.935074,0.615013,0.980366,29.038191,30.624828
77.70074643,0.953257,34.074383,0.615696,0.978705,29.212957,30.750761
76.03363251,0.948772,33.264183,0.60479,0.974017,28.312803,29.620186
75.65472055,0.947937,33.411907,0.603741,0.972523,28.454382,29.743563
78.91965642,0.955752,34.965755,0.625306,0.978704,30.149452,31.845844
81.12398011,0.959084,35.759624,0.637283,0.982227,31.110819,33.144806
76.52596743,0.950075,33.308239,0.61311,0.963962,28.347528,29.526812
78.60008587,0.954411,34.121895,0.626321,0.969941,29.282232,30.647644
86.00232471,0.965657,37.299545,0.667058,0.989231,33.09853,36.046402
72.67403066,0.936046,31.696016,0.589456,0.967513,26.165878,27.03084
72.56605625,0.935704,31.638023,0.583393,0.966302,26.196934,27.07778
76.31835734,0.950391,33.675365,0.605067,0.973156,28.761959,30.115282
72.56617378,0.943297,32.25375,0.589035,0.966688,27.090082,28.162226
76.63215324,0.954217,33.819992,0.618803,0.978325,28.720251,30.088533
75.21909426,0.949524,32.775097,0.610912,0.976643,27.461569,28.658522
81.56902556,0.961813,35.22879,0.650527,0.985716,30.325306,32.083382
78.49127032,0.954731,33.78804,0.623886,0.980028,28.689497,30.019516
78.58547323,0.954931,34.323822,0.623708,0.980493,29.443928,30.952164
77.94186325,0.955064,33.255302,0.62802,0.978743,28.25379,29.483393
76.44678119,0.951771,32.272865,0.621614,0.973312,27.152567,28.191097
79.57844355,0.956929,33.077778,0.639252,0.97944,27.998089,29.169333
76.51429543,0.951885,32.839806,0.618088,0.972313,27.704031,28.861084
73.6905438,0.943418,31.36075,0.602477,0.96082,26.023405,26.884335
71.50483773,0.937851,30.790449,0.591628,0.95711,25.234673,26.000227
72.54029734,0.9414,31.467983,0.594295,0.96598,25.922901,26.795824
65.53525372,0.920864,29.095409,0.561138,0.937728,23.587584,24.215158
67.71149475,0.928597,29.969673,0.57076,0.949781,24.543041,25.272917
70.27159032,0.937304,30.850021,0.583543,0.959255,25.512169,26.369074
83.81363102,0.964549,36.636097,0.660702,0.988537,32.130051,34.64246
79.03066378,0.95816,33.819969,0.635927,0.983403,28.76825,30.126385
79.72975773,0.959571,34.089836,0.641964,0.984211,29.100414,30.531313
83.75837204,0.964242,36.339924,0.662536,0.987696,31.835241,34.004639
82.48349177,0.96266,35.667637,0.657036,0.986306,31.026192,32.905552
82.65702769,0.963409,36.049301,0.658786,0.987144,31.491034,33.631409
81.9238931,0.960736,31.886795,0.65478,0.985289,26.776089,27.582533
80.65967176,0.958874,31.458706,0.648471,0.982665,26.348391,27.108902
81.50879811,0.959925,31.652725,0.652234,0.984122,26.550234,27.319483
83.59847221,0.963598,36.029259,0.660406,0.987072,31.417393,33.489773
79.19447853,0.956526,34.020931,0.636116,0.976272,29.063038,30.449886
78.88778564,0.956119,33.88747,0.635218,0.974387,28.889307,30.197386
78.96723883,0.956771,33.813049,0.637032,0.974203,28.891586,30.206825
82.39494707,0.963081,35.395653,0.656377,0.986492,30.671722,32.564201
78.04120536,0.956055,33.271229,0.635782,0.976449,28.11414,29.326832
76.52528612,0.954194,32.683704,0.631201,0.977065,27.305096,28.394033
76.7965005,0.951894,32.716053,0.630104,0.973264,27.590843,28.679914
72.98153995,0.942864,30.879982,0.609198,0.961784,25.687836,26.455984
71.57653587,0.937182,29.625769,0.595381,0.959467,24.588627,25.201538
75.47783313,0.943819,28.481636,0.61675,0.965519,23.77973,24.234791
72.69782218,0.929135,24.678059,0.60011,0.925074,20.028721,20.280701
67.80020703,0.91521,23.194168,0.578744,0.884365,18.572397,18.777802
69.63481221,0.919786,23.565035,0.587802,0.890749,18.962379,19.161022
68.06498393,0.875414,19.482454,0.523137,0.807704,15.039796,15.146979
53.76636676,0.83783,17.444077,0.499104,0.746877,13.057413,13.140634
54.93935052,0.84091,17.462263,0.511054,0.747283,13.0965,13.171857
62.94645479,0.89559,21.560009,0.534889,0.786014,17.024538,17.157421
40.64457425,0.787573,15.086901,0.418882,0.482712,10.743535,10.802315
41.77376638,0.812173,16.289343,0.431681,0.517627,11.91385,11.979319
50.38298101,0.782631,14.722232,0.394196,0.451407,10.416163,10.463789
27.65677563,0.734299,13.610856,0.327699,0.408643,9.303129,9.350009
31.97306246,0.81547,15.954844,0.390112,0.513765,11.62832,11.683423
40.1264247,0.872071,19.219343,0.448891,0.725877,14.702793,14.81293
26.84616867,0.842406,17.489786,0.371385,0.650766,13.057769,13.144502
18.86315336,0.817509,16.814098,0.372868,0.652802,12.321464,12.414609
28.42677279,0.830361,17.125349,0.39632,0.689961,12.66285,12.754067
52.69930662,0.895654,20.407005,0.493807,0.822159,15.902021,16.036747
49.3699686,0.883736,19.052959,0.47649,0.773149,14.593702,14.704441
47.76842393,0.884747,19.740644,0.480731,0.80589,15.236663,15.361125
57.9862609,0.90853,22.592978,0.518357,0.869181,17.979898,18.170841
56.16146388,0.895564,20.809605,0.502749,0.818876,16.236826,16.379635
62.05387524,0.905558,20.829287,0.531894,0.796792,16.295368,16.430506
60.85418646,0.893051,21.401161,0.511948,0.823808,16.755363,16.928514
54.22392579,0.877153,20.048964,0.496533,0.801521,15.462339,15.607071
55.62915152,0.888882,21.279524,0.503332,0.838943,16.591516,16.765144
62.05374056,0.879075,20.070505,0.493486,0.831652,15.485417,15.616809
54.5300877,0.850791,18.466003,0.460963,0.774331,13.925052,14.036884
54.95258583,0.861472,19.689529,0.466487,0.824561,15.076442,15.211351
56.79352693,0.86431,20.770538,0.467702,0.850388,16.058594,16.227074
56.08566449,0.885379,23.96044,0.466381,0.884886,19.065908,19.338428
46.59077185,0.861754,21.585981,0.435933,0.834772,16.848343,17.034966
48.69059634,0.869389,22.285061,0.447469,0.838912,17.472385,17.677505
43.88298688,0.873054,21.870182,0.460737,0.821629,17.095797,17.274519
43.86432823,0.872655,21.856401,0.460825,0.821555,17.082401,17.26088
50.2331918,0.869699,20.121853,0.462518,0.783884,15.477937,15.61589
53.38755525,0.884809,21.99102,0.476507,0.860442,17.21529,17.412231
49.32894146,0.870545,21.090946,0.453863,0.840904,16.349243,16.528242
53.10196946,0.886098,23.111954,0.475748,0.898905,18.184673,18.430979
58.33661599,0.900316,24.635201,0.498335,0.921443,19.744753,20.041681
58.58480522,0.899355,24.633266,0.499362,0.920427,19.763075,20.046402
56.45534312,0.889283,23.586308,0.48744,0.906736,18.801661,19.045116
65.77120675,0.917824,25.952139,0.538026,0.947209,21.10832,21.449331
67.87376586,0.92025,26.813293,0.545532,0.942315,21.813293,22.210201
65.56693319,0.916598,25.937832,0.537818,0.934183,21.071928,21.426678
66.23543559,0.919629,26.648933,0.539426,0.939447,21.772936,22.175728
70.60601233,0.930326,28.342163,0.556234,0.963567,23.282717,23.838686
66.99843383,0.920817,26.87092,0.541737,0.947227,21.814274,22.256254
66.57302805,0.923005,28.40777,0.538551,0.952955,23.106745,23.71442
71.95404384,0.936158,31.526361,0.557251,0.967459,26.417717,27.488958
69.14752406,0.92938,30.084076,0.543209,0.962198,24.780367,25.620062
67.88009208,0.927218,29.360439,0.539544,0.96019,23.962585,24.69931
69.86512004,0.931815,29.947231,0.550408,0.963978,24.562813,25.375034
72.53689073,0.938539,30.789827,0.564841,0.972085,25.522686,26.481907
69.62501023,0.932503,28.660158,0.55195,0.963661,23.362862,23.999638
74.10660453,0.941765,29.115524,0.579775,0.974805,23.83943,24.472879
70.04812836,0.935262,28.717476,0.558079,0.96814,23.413839,24.051182
68.96649128,0.932618,28.838022,0.550655,0.966578,23.577822,24.268944
72.17421942,0.938726,30.194582,0.566616,0.972717,24.861431,25.694395
71.99394705,0.937483,30.733788,0.564972,0.971706,25.343119,26.228182
69.04160567,0.929244,30.072903,0.548379,0.966709,24.636789,25.428419
67.99650424,0.924524,29.925652,0.541412,0.961207,24.630989,25.411108
69.52612567,0.931324,30.297768,0.553234,0.95971,25.000172,25.805368
66.49374416,0.923904,29.45153,0.535599,0.946379,24.149826,24.859236
69.99871603,0.935124,30.624384,0.554687,0.963137,25.358555,26.218985
70.53627718,0.936317,30.425798,0.561693,0.963992,25.176937,25.985126
78.6546887,0.951694,34.159767,0.605466,0.979484,29.362705,31.025225
77.06131627,0.94925,33.31588,0.596108,0.975868,28.503176,29.944599
78.16221648,0.951426,33.503662,0.604206,0.980954,28.721569,30.199451
76.96970023,0.94873,32.089233,0.598325,0.979322,26.995321,28.086889
76.90658949,0.949168,31.347206,0.602853,0.980499,26.218546,27.12388
77.03802358,0.949071,31.341206,0.602893,0.980402,26.217768,27.121586
76.43700168,0.946627,31.440472,0.59756,0.977175,26.333355,27.233498
75.93522977,0.947661,31.676321,0.598736,0.978142,26.646351,27.602266
77.13028243,0.947022,31.49679,0.609997,0.966986,26.140221,26.953085
76.65575375,0.946347,31.293427,0.602409,0.973194,26.045393,26.889715
76.25318729,0.947893,31.845619,0.602623,0.973837,26.895666,27.919064
76.26254221,0.94728,31.733717,0.60058,0.971624,26.78607,27.804392
79.03440464,0.952269,34.216393,0.612048,0.980416,29.491407,31.27614
78.88704581,0.950988,32.757015,0.608324,0.982302,27.892046,29.143837
75.58435303,0.946283,31.67462,0.5953,0.978481,26.69417,27.745098
76.7645352,0.947999,32.00322,0.603194,0.979893,26.948084,28.069572
80.46494313,0.952636,32.543839,0.616994,0.981079,27.764786,28.894522
74.60398153,944,30.833555,0.589488,0.970908,25.878292,26.740032
75.21400792,0.945414,31.057796,0.592449,0.97476,25.937004,26.843569
80.79143696,0.954328,33.837479,0.622296,0.982048,29.116592,30.72221
78.6522343,0.950692,32.843765,0.612403,0.977515,27.936083,29.292475
78.76335021,0.952076,33.751488,0.613015,0.982913,28.749994,30.324188
78.21991378,0.951682,34.17944,0.611851,0.981758,29.260201,30.933548
81.09885547,0.956747,35.352737,0.630575,0.984779,30.80106,32.942291
80.0328563,0.954242,34.033066,0.625934,0.982541,29.068995,30.624298
77.57855103,0.948082,30.05455,0.612935,0.975513,25.013191,25.678253
80.04606225,0.953999,31.028996,0.622538,0.983128,26.295822,27.064926
79.86940622,0.954974,31.033367,0.625471,0.984563,26.299068,27.085825
80.9801206,0.956554,35.00753,0.631333,0.985397,30.280346,32.217884
79.22443602,0.953795,34.850338,0.617544,0.982902,30.155596,32.077908
79.08370278,0.953533,34.8251,0.617254,0.982973,30.134937,32.04797
72.78992183,0.931385,31.851511,0.575756,0.960457,26.62348,27.577787
79.03491915,0.952381,34.692253,0.614547,0.983385,29.914865,31.800251
75.0488817,0.94387,33.221977,0.591359,0.976789,28.184681,29.578716
73.77681741,0.943813,32.542969,0.591989,0.970802,27.378307,28.583363
75.07915439,0.94613,32.770321,0.598476,0.969013,27.648216,28.848207
79.9781552,0.955068,34.830688,0.623506,0.983839,30.101965,32.018291
77.34765185,0.95015,33.229065,0.612614,0.977856,28.056026,29.372484
76.9314093,0.94834,32.871403,0.610746,0.969181,27.729063,28.929413
75.50015345,0.943794,32.313431,0.598814,0.959482,27.241003,28.336697
75.30616039,0.941763,32.277756,0.594802,0.95636,27.341349,28.42782
75.56215026,0.944069,32.185211,0.596623,0.974084,26.700895,27.7397
75.78425174,0.94469,33.039696,0.592032,0.977638,27.890152,29.259043
72.42170349,0.933473,31.665134,0.570754,0.96858,26.209448,27.231331
71.47534868,0.930298,30.638058,0.570794,0.961576,24.91444,25.728575
72.55231935,0.936395,30.507814,0.573746,0.968364,25.265806,26.068636
72.16158605,0.937008,30.125809,0.568471,0.970563,25.016356,25.753708
68.26876686,0.924526,28.877851,0.54703,0.960843,23.688667,24.298777
74.48262549,0.94261,30.821493,0.585808,0.976093,25.782679,26.604929
75.79784011,0.946077,30.736643,0.597279,0.971939,25.559771,26.358377
70.35966189,0.933347,29.464407,0.565658,0.954702,24.336296,25.031481
70.00570531,0.930743,29.407997,0.562508,0.950142,24.36528,25.059391
76.60245484,0.946834,32.543022,0.596837,0.978287,27.413033,28.503977
73.42242707,0.9389,29.961464,0.578393,0.971962,24.908644,25.604733
74.55019902,0.942869,30.028397,0.587901,0.974047,24.958807,25.660801
72.44407533,0.938029,29.735264,0.576603,0.963593,24.511271,25.221634
69.42645441,0.929044,28.982706,0.561476,0.953199,23.616135,24.256493
68.86435385,0.927939,31.067396,0.555105,0.963338,25.701433,26.630457
71.99298383,0.935177,31.395138,0.574297,0.961969,26.068621,26.973652
76.10414116,0.948568,33.677803,0.599444,0.980154,28.494648,29.882256
76.26097885,0.948623,33.695698,0.59988,0.98014,28.514257,29.897863
75.74428755,0.944316,32.50367,0.595442,0.973223,27.159662,28.226683
71.68039687,0.936106,30.917347,0.578014,0.957833,25.492702,26.345705
70.42906139,0.936521,30.58387,0.578845,0.964971,25.086849,25.899025
76.02123656,0.947983,32.257305,0.616217,0.966616,27.039949,27.985851
72.32150582,0.942111,31.040796,0.600896,0.958849,25.730972,26.491041
71.15716145,0.940117,30.485394,0.594545,0.956253,25.168812,25.888393
73.60700196,0.948367,31.603951,0.606754,0.974219,26.468565,27.351748
75.41159149,0.949317,32.061634,0.613737,0.978781,26.524588,27.447315
70.9961298,0.94038,30.52364,0.587766,0.970697,25.029297,25.79143
70.73793887,0.94181,30.666004,0.590033,0.972445,25.352766,26.188026
70.53333306,0.942116,30.083439,0.594083,0.971727,24.650146,25.380213
78.49085072,0.953603,31.951571,0.629783,0.983185,26.602505,27.532261
73.61868312,0.945331,28.672609,0.606316,0.97551,23.506943,24.054073
73.41597315,0.944055,28.097925,0.606485,0.974615,22.995646,23.494564
79.39368254,0.953967,31.863033,0.626885,0.984022,26.643089,27.593334
69.29911852,0.946261,30.755329,0.564569,0.972613,25.406393,26.296135
76.22720256,0.953179,31.774055,0.603064,0.981528,26.609743,27.665049
71.68691043,0.947075,30.676493,0.587743,0.976375,25.345396,26.261261
69.67953292,0.942838,30.117928,0.575454,0.971457,24.813334,25.664284
76.85264234,0.954572,33.360016,0.608708,0.982326,28.264605,29.717426
73.14077699,0.947428,32.323956,0.58614,0.973825,27.182186,28.364574
72.07337793,0.945976,32.101948,0.582022,0.970613,26.923311,28.029942
69.50458164,0.939649,31.146881,0.568474,0.96037,25.97587,26.89992
73.91723142,0.949746,32.648724,0.596338,0.97255,27.582844,28.769186
75.43118832,0.951384,32.714108,0.601199,0.977112,27.694069,28.986544
73.1119132,0.947103,31.76914,0.589157,0.973013,26.694145,27.783039
72.45676627,0.945761,31.786934,0.585432,0.972723,26.663767,27.743513
72.63847505,0.947864,32.758995,0.58545,0.974206,27.691471,29.006523
60.57270544,0.91267,28.758436,0.520261,0.935791,23.346275,24.025797
63.16493471,0.921741,29.588451,0.535612,0.948119,24.194073,24.95862
57.73382358,0.884975,27.148373,0.497532,0.908934,21.520834,22.01413
54.1726858,0.8681,25.912886,0.479618,0.876057,20.361574,20.764214
59.99575089,0.892782,27.911049,0.513767,0.911275,22.362249,22.848654
64.17951293,0.912019,29.347984,0.533231,0.931752,23.930763,24.563957
69.67288697,0.93256,31.082693,0.559733,0.954295,25.813372,26.676483
65.59682555,0.918841,28.513887,0.537843,0.935901,23.253073,23.817759
65.27649337,0.918542,28.005566,0.540537,0.943431,22.585968,23.125603
70.6112522,0.936489,31.136471,0.567684,0.968722,25.74902,26.716396
66.4214449,0.925158,30.020868,0.546873,0.959965,24.530357,25.353064
68.72646161,0.933001,31.343346,0.557909,0.968185,25.938423,26.950006
62.87252557,0.911706,28.770264,0.523896,0.948705,23.369236,24.051188
58.19965532,0.896979,26.923595,0.504199,0.934523,21.574486,22.093964
65.09334119,0.924315,28.441702,0.542128,0.960992,23.250074,23.875204
69.71989987,0.930404,25.392786,0.566898,0.968109,20.630686,20.952745
64.79197031,0.912854,23.160164,0.53654,0.952077,18.549019,18.77747
55.97338079,0.863847,19.250935,0.491392,0.889144,14.784331,14.905126
61.11383694,0.87691,19.69545,0.514835,0.884228,15.244916,15.354246
64.80445095,0.905589,23.024673,0.536408,0.903736,18.368441,18.558531
51.13741265,0.844913,20.176149,0.46054,0.812214,15.517671,15.658733
49.06867613,0.830476,20.32753,0.440958,0.782983,15.588714,15.739131
45.0571537,0.81154,19.385035,0.42396,0.732959,14.698882,14.830003
47.95470808,0.854918,21.497452,0.455772,0.804495,16.693413,16.865622
48.03711995,0.854765,21.504738,0.456022,0.804504,16.699352,16.87158
54.19068232,0.852827,20.025013,0.466772,0.760004,15.478794,15.601763
51.79487618,0.844205,19.138124,0.459231,0.733576,14.636088,14.741585
55.12119508,0.886598,21.736111,0.505871,0.808693,17.170214,17.315849
55.31889885,0.87507,21.275229,0.474296,0.778963,16.713898,16.852522
50.50136039,0.843333,20.832943,0.417605,0.749338,16.051086,16.210527
42.64644875,0.80328,18.865171,0.372849,0.666793,14.178204,14.31008
40.71843023,0.793538,18.233183,0.356198,0.631379,13.593146,13.712779
46.7732786,0.849124,19.88773,0.417651,0.732432,15.26,15.394215
38.73625547,0.784105,16.565014,0.356921,0.554867,12.10041,12.182607
41.17099169,0.797244,16.512321,0.372846,0.547817,12.05769,12.13614
50.08829684,0.860427,19.847364,0.447429,0.689053,15.274415,15.391854
36.43303049,0.827542,17.738571,0.406568,0.570712,13.258996,13.347134
40.0145546,0.851521,19.526091,0.428359,0.6607,14.966615,15.080876
33.79462856,0.796753,16.978645,0.362699,0.512387,12.475821,12.562395
27.83621019,0.773995,16.175123,0.34245,0.474209,11.676548,11.758339
38.54389476,0.847445,20.52228,0.408175,0.750177,15.775519,15.939455
30.28410156,0.807488,19.67901,0.358732,0.695647,14.88763,15.046422
36.42016964,0.840033,21.437586,0.386651,0.771996,16.50065,16.712027
31.62643444,0.828421,20.461887,0.375882,0.721364,15.657635,15.839382
41.46788309,0.872228,21.604412,0.44431,0.776609,16.847263,17.046316
47.34787078,0.880134,21.169577,0.461421,0.760735,16.519665,16.692257
43.3081697,0.868299,20.225471,0.446641,0.731655,15.635409,15.786504
47.6900652,0.874899,20.603106,0.458417,0.764993,15.970865,16.127254
54.99195622,0.895092,22.016109,0.493468,0.814376,17.352985,17.536182
50.04352463,0.886625,21.309311,0.481222,0.803013,16.685503,16.85154
54.91248877,0.898979,23.848486,0.491617,0.876058,19.06633,19.329441
57.50769468,0.902899,25.093063,0.497172,0.895771,20.235458,20.562517
55.58971872,0.88882,24.420622,0.479255,0.878578,19.489052,19.794691
53.66034328,0.883301,23.375395,0.4703,0.832156,18.46763,18.72613
54.52885463,0.883758,21.6343,0.475843,0.774471,16.937841,17.116772
59.41685458,0.906056,22.862434,0.514855,0.832144,18.193251,18.406322
57.14465687,0.891477,21.402201,0.497498,0.78636,16.764032,16.938602
57.85863286,0.877263,20.429411,0.480116,0.760103,15.882534,16.023979
57.77508661,0.872337,20.669531,0.477519,0.778151,16.051485,16.211531
55.20522571,0.863266,20.085779,0.470363,0.785474,15.461018,15.613639
57.07420975,0.863227,20.523443,0.464282,0.780069,15.937985,16.087326
56.49513351,0.850273,20.424347,0.45047,0.783819,15.866372,16.007898
56.58974633,0.838673,19.707754,0.447088,0.769926,15.167409,15.293884
58.41257896,0.868235,20.982679,0.470678,0.848257,16.410862,16.558928
61.86394927,0.909903,24.097448,0.501386,0.91639,19.518799,19.716181
65.15041057,0.92398,27.406536,0.521117,0.939394,22.592678,22.94228
56.80164316,0.892097,22.305698,0.460327,0.832736,17.723404,17.883062
49.79400061,0.892135,21.570013,0.457617,0.794788,16.950193,17.098555
62.34351431,0.914586,25.381535,0.501669,0.899585,20.475056,20.748867
42.85823133,0.867765,20.541462,0.428018,0.824392,15.863419,16.026836
46.52783563,0.882661,21.239412,0.464834,0.875458,16.556501,16.736902
52.55184377,0.897715,22.521046,0.493649,0.903141,17.807217,18.016373
51.32268092,0.8869,21.58012,0.479652,0.89081,16.92564,17.109167
61.17755326,0.904398,24.016283,0.508414,0.926903,19.314697,19.585436
61.99124612,0.909345,24.969929,0.508217,0.948438,20.183365,20.509827
59.64830038,0.903489,24.653894,0.496739,0.941784,19.858328,20.176302
68.20580081,0.93761,30.393215,0.551136,0.972975,25.51343,26.386751
70.68236735,0.9419,32.768906,0.561515,0.975803,27.796488,29.2111
68.91841085,0.929802,31.942001,0.529911,0.966884,26.829187,28.060444
59.59145056,0.898822,28.157513,0.487771,0.926057,22.759378,23.381109
62.80631316,0.9095,28.27911,0.506063,0.929661,22.840185,23.431973
69.69473579,0.930817,31.336946,0.541962,0.954693,26.267714,27.220539
69.01925658,0.929876,31.063715,0.541448,0.951631,25.987215,26.899315
68.37609012,0.927459,30.601551,0.541324,0.952566,25.351919,26.18083
73.69623656,0.942301,33.063789,0.569117,0.975025,28.054871,29.498137
67.85699555,0.927896,30.81735,0.537844,0.954455,25.634817,26.563824
65.90795411,0.925757,30.300135,0.534055,0.948352,25.109612,25.961855
68.60718607,0.93226,31.049606,0.544274,0.953218,25.935499,26.881674
68.15124416,0.930165,30.741688,0.542333,0.949777,25.623161,26.518826
69.00581013,0.932025,31.561522,0.545589,0.956031,26.494314,27.530485
69.30131858,0.930563,31.221436,0.547957,0.94892,26.139772,27.106682
75.53692425,0.944161,32.766434,0.5889,0.972266,27.601183,28.802944
74.60891125,0.944349,32.743057,0.581921,0.974355,27.57699,28.821148
71.48144135,0.936616,31.967421,0.556752,0.953848,27.034502,28.087984
68.95595707,0.932574,31.65984,0.544887,0.955922,26.577587,27.643219
68.07889309,0.929592,31.528931,0.538418,0.958519,26.337538,27.384424
70.88799153,0.936044,31.386868,0.560406,0.960495,26.138769,27.121979
71.52075522,0.938404,31.797997,0.565846,0.96607,26.600836,27.669748
72.46399752,0.940264,32.563152,0.568305,0.974081,27.432529,28.722527
72.84040744,0.940684,32.028526,0.580075,0.962915,27.020348,28.140526
78.19719839,0.952411,34.794762,0.607971,0.981904,30.143169,32.071007
74.01970985,0.945029,33.070751,0.581368,0.969924,28.165846,29.523014
72.21119255,0.939121,32.291706,0.568819,0.960716,27.228687,28.37031
70.21023189,0.935892,31.108387,0.566456,0.956476,25.600834,26.473515
74.91950928,0.94607,32.401695,0.594905,0.976315,26.830845,27.879681
73.36325789,0.941003,31.4821,0.580038,0.970223,25.869783,26.799437
73.78774389,0.943735,31.720499,0.581916,0.975895,26.379404,27.433357
78.99331245,0.952024,34.21402,0.608318,0.982804,29.206177,30.8102
75.08259808,0.944553,32.742035,0.584811,0.977581,27.487154,28.728891
65.92856396,0.919384,29.986691,0.535627,0.958237,24.564005,25.383894
68.49257904,0.929898,31.12212,0.546688,0.967324,25.739103,26.740486
65.18971847,0.923051,29.851158,0.535951,0.962343,24.378681,25.242207
71.58087992,0.939299,30.726254,0.574645,0.972787,25.255667,26.206383
66.83215417,0.924651,29.773653,0.538591,0.961727,24.248718,25.114594
68.89578093,0.928139,31.099363,0.541958,0.965567,25.779854,26.819223
61.87165213,0.927676,29.985949,0.512089,0.953431,24.550026,25.402714
72.21476653,0.94837,31.425995,0.581909,0.975658,26.280823,27.311964
70.14683241,0.945687,30.365856,0.579961,0.972009,25.027699,25.87389
67.10107084,0.934744,29.46504,0.561476,0.961188,23.967266,24.682341
66.42484789,0.930451,30.054989,0.553744,0.95531,24.522539,25.31988
67.32115293,0.930651,30.159525,0.555217,0.947737,24.909323,25.759022
63.86918316,0.915285,28.496696,0.538505,0.925104,23.026142,23.639866
70.05735835,0.937744,30.598347,0.572516,0.9576,25.179369,26.030958
72.52289838,0.946021,31.823351,0.584284,0.969979,26.567997,27.673384
71.16694998,0.941155,31.623125,0.571543,0.966648,26.366692,27.434914
64.87257245,0.927451,29.558418,0.5466,0.946293,23.930212,24.626564
66.7633011,0.932128,30.108942,0.554175,0.956615,24.432178,25.19412
75.64958698,0.953859,33.826649,0.597552,0.977911,28.878105,30.532389
72.0719819,0.948574,32.503292,0.582299,0.974092,27.289663,28.593224
74.33859719,0.951875,33.126431,0.591473,0.977263,28.147072,29.657761
74.1284502,0.951569,32.669022,0.595289,0.976875,27.577166,28.933443
68.95234076,0.937742,30.871119,0.560689,0.965629,25.571747,26.558502
68.98494949,0.934882,30.843405,0.556964,0.959184,25.641853,26.607653
75.49770946,0.952929,33.595146,0.598316,0.976313,28.64986,30.201838
75.87670231,0.952934,33.352768,0.602525,0.977728,28.217766,29.677341
75.20231342,0.952128,33.257103,0.602374,0.976541,28.122942,29.537399
74.63415125,0.94965,32.31802,0.597624,0.97135,27.275391,28.423111
69.23242017,0.931242,30.430769,0.5594,0.961539,25.030807,25.861446
63.85242341,0.908298,28.583536,0.531251,0.93581,23.021477,23.620327
58.9243787,0.892379,27.543756,0.516529,0.909821,21.902143,22.389811
66.3632356,0.92185,30.364298,0.549708,0.951259,24.84964,25.601271
62.41255972,0.907336,28.857903,0.531472,0.932154,23.254276,23.85125
67.90556254,0.929094,30.972998,0.5583,0.959514,25.525274,26.392498
76.25668266,0.953436,33.37447,0.605648,0.981784,28.192797,29.590551
72.5589472,0.945749,31.733997,0.586508,0.976112,26.033594,26.97019
75.72466175,0.953447,33.594017,0.599955,0.978601,28.63653,30.173744
73.38839792,0.948754,31.914797,0.593521,0.968018,26.32408,27.24943
69.10905768,0.934943,30.103235,0.565246,0.932776,24.77306,25.461124
66.40001553,0.925935,29.245228,0.555634,0.914561,23.940252,24.512852
68.99130257,0.934846,30.521898,0.569302,0.930928,25.560877,26.280491
70.28580363,0.937532,30.652149,0.574324,0.948411,25.428865,26.184061
68.87274816,0.934151,30.395315,0.566556,0.945619,25.132509,25.893984
75.51037039,0.950786,33.653454,0.594229,0.975227,28.738665,30.245106
76.80699948,0.955153,34.05901,0.60974,0.974398,29.317522,30.853451
74.57373333,0.950666,33.192432,0.597675,0.970058,28.24939,29.537704
69.89874796,0.935446,31.342741,0.569303,0.960274,25.962101,26.835785
70.12163912,0.930436,31.317711,0.559298,0.960406,25.90443,26.759621
58.30959657,0.883616,27.208845,0.502225,0.901214,21.629839,22.06856
60.54699107,0.893169,27.906441,0.514013,0.920187,22.244514,22.739531
72.06403737,0.939393,31.698021,0.579805,0.970208,26.198227,27.102394
70.48064651,0.936122,31.151691,0.571838,0.966288,25.626175,26.466301
70.4457729,0.936146,31.333906,0.566145,0.959909,26.12167,27.040283
70.94407256,0.936446,31.046385,0.573679,0.961322,25.725027,26.586363
79.20793401,0.955966,34.812908,0.616429,0.981677,30.065197,31.861244
75.79571745,0.95046,32.903397,0.598685,0.976525,27.780058,29.023418
74.01495398,0.948916,31.960512,0.599227,0.972621,26.542145,27.468719
75.1383285,0.951359,32.409428,0.609291,0.975982,26.897991,27.856497
76.27325805,0.951461,32.467602,0.609229,0.977198,27.167191,28.219915
78.90319033,0.954837,34.198875,0.616306,0.98165,29.260426,30.827999
64.69169471,0.904788,28.55418,0.533186,0.924148,23.022602,23.542122
62.55963539,0.889466,27.339062,0.520206,0.899496,21.758745,22.184542
62.24880155,0.890685,27.472252,0.516986,0.898791,21.96092,22.397772
65.56118016,0.908205,29.235489,0.535232,0.927801,23.72154,24.277063
64.64763214,0.912365,29.114285,0.543807,0.930727,23.482019,24.02981
63.49374165,0.908721,28.811819,0.536896,0.924641,23.256872,23.792763
67.77794254,0.930458,30.409475,0.559662,0.954763,24.80933,25.519226
76.77361341,0.951491,33.728436,0.601247,0.977666,28.678965,30.13777
72.06355317,0.940507,30.858629,0.582081,0.955945,25.213652,25.969116
74.32072211,0.946715,31.438004,0.598263,0.958427,26.00526,26.812727
73.72468271,0.946635,30.480524,0.595993,0.963164,25.065294,25.792366
79.90575096,0.958203,32.716301,0.632641,0.984629,27.601734,28.683481
79.03159099,0.955499,32.437572,0.623073,0.977787,27.315838,28.352755
74.48348237,0.945698,30.713547,0.599354,0.963718,25.137785,25.877443
71.63446272,0.939056,30.126709,0.583516,0.955571,24.678455,25.384918
79.10371395,0.955283,33.661098,0.623169,0.978492,28.642366,29.998878
74.08199234,0.945201,31.845898,0.593135,0.971727,26.58103,27.565958
73.1242152,0.941785,31.621584,0.587719,0.965783,26.355328,27.28277
70.51721101,0.933512,30.527132,0.573546,0.951529,25.327028,26.112486
73.0112041,0.938633,31.772167,0.582448,0.958376,26.729986,27.675303
73.27885306,0.942679,32.239216,0.587132,0.971071,26.995604,28.039686
71.3342723,0.9359,31.166702,0.575813,0.96613,25.76519,26.653744
71.74362372,0.936799,31.05665,0.575692,0.967938,25.666695,26.560585
77.31071841,0.952469,32.417244,0.607335,0.979583,27.413979,28.516012
67.36169932,0.925459,29.836296,0.552787,0.955212,24.464128,25.191362
70.35452163,0.935462,31.354401,0.568833,0.964833,25.995724,26.907978
66.76737239,0.915068,29.514874,0.54289,0.948456,23.914698,24.591501
73.64884103,0.94111,32.497997,0.585447,0.972037,27.177128,28.233547
65.68286652,0.90984,29.39683,0.540379,0.939405,23.873844,24.497524
65.89622992,0.911258,29.516272,0.541526,0.941545,23.992226,24.640726
80.05664687,0.958263,35.320278,0.62534,0.983887,30.63999,32.549198
77.35843637,0.950531,33.960564,0.605376,0.975918,29.090372,30.445728
74.1275121,0.937908,31.654552,0.583138,0.959212,26.613903,27.452559
74.28453966,0.942674,32.279655,0.588354,0.968091,27.188673,28.209978
71.03835012,0.933045,31.029318,0.569501,0.959314,25.835608,26.681927
74.04964589,0.944195,31.275742,0.593302,0.973243,26.015949,26.861584
67.18679424,0.917561,28.814135,0.545717,0.941505,23.448488,24.02807
62.16670894,0.898394,27.505539,0.520636,0.920068,22.022188,22.516079
64.17095186,0.908459,28.911308,0.531931,0.934099,23.443123,24.063393
72.98809366,0.940858,32.278381,0.581305,0.970687,27.033518,28.135477
84.13851902,0.964043,36.809738,0.656592,0.988221,32.583328,35.23629
70.50424455,0.927728,30.298136,0.570847,0.954603,24.982155,25.709873
69.53149444,0.926524,29.84234,0.568381,0.951705,24.446098,25.127172
76.7448337,0.947587,32.020947,0.610085,0.966285,26.886255,27.855982
67.68925739,0.9194,29.207161,0.5549,0.936554,23.658916,24.278824
67.80027232,0.920636,29.710501,0.551674,0.946555,24.07572,24.760752
74.6996491,0.945359,32.82983,0.592574,0.967152,27.74712,28.847221
69.3613585,0.929599,30.205694,0.564513,0.944824,24.786131,25.477371
66.16778506,0.922427,29.406235,0.54942,0.934637,23.976658,24.593103
71.61805633,0.938539,31.763369,0.582298,0.967804,26.308048,27.25107
69.14503143,0.930016,30.302235,0.571333,0.960003,24.524239,25.229902
75.2243056,0.946408,31.736773,0.605481,0.975009,26.018482,26.870417
75.76067431,0.94733,32.729847,0.604396,0.977283,27.444468,28.583199
72.3129364,0.941519,31.419807,0.592171,0.971253,25.903809,26.792023
69.68306777,0.935593,30.597891,0.580392,0.964588,24.940199,25.684954
69.3276405,0.936189,30.841335,0.578397,0.963607,25.214502,25.988443
75.48963006,0.951565,33.87524,0.606116,0.979267,28.886683,30.344786
70.45993206,0.937386,31.507219,0.580705,0.967826,26.108885,26.985899
70.86568273,0.936032,31.54987,0.575821,0.965135,26.215395,27.10813
66.94739169,0.920371,30.071516,0.55543,0.947124,24.657881,25.35181
65.46726136,0.912744,29.317091,0.547914,0.935848,23.863964,24.468447
73.24957645,0.942496,32.038982,0.591191,0.968555,26.837908,27.776644
73.91413608,0.943619,30.883991,0.591992,0.969272,25.569717,26.340704
70.65825388,0.935935,30.104116,0.579403,0.961572,24.723276,25.417763
77.50486349,0.953173,33.265537,0.616317,0.981774,28.127441,29.445229
77.67435145,0.952322,32.69191,0.620914,0.980496,27.282154,28.38798
78.33573353,0.954466,33.103931,0.625707,0.980977,27.980722,29.20698
76.68636771,0.951534,32.418659,0.616866,0.978023,27.214108,28.295809
78.2085513,0.95382,33.456852,0.620361,0.980366,28.475367,29.781519
80.01569324,0.958296,34.299862,0.632914,0.985313,29.374819,30.93652
78.66596084,0.956135,33.990257,0.625764,0.983079,29.00647,30.524477
77.84269307,0.954084,33.391769,0.621865,0.977319,28.391827,29.650839
78.23992009,0.953794,32.907204,0.624223,0.973923,27.998137,29.097725
74.09862783,0.944362,31.851845,0.593839,0.958292,26.861235,27.82663
65.76100932,0.9408,31.265753,0.538242,0.956366,25.996672,27.007114
74.32303099,0.946704,32.230789,0.58186,0.968617,27.128757,28.289648
67.53081755,0.931163,30.473074,0.549363,0.951285,25.132036,25.967049
67.71313559,0.931078,30.458555,0.549393,0.951267,25.115261,25.948298
61.39186725,0.902415,27.990944,0.517268,0.908806,22.61952,23.166307
67.43512681,0.926958,30.005653,0.551555,0.943349,24.800388,25.566759
64.88620582,0.915195,29.228014,0.536778,0.920168,23.757534,24.415697
67.41861884,0.930871,30.778175,0.551924,0.949974,25.612471,26.513176
65.2259312,0.925067,29.580048,0.543256,0.934463,24.291037,25.033607
63.56979281,0.921244,29.345934,0.536413,0.934681,23.942287,24.662296
75.43064144,0.953008,33.541656,0.600088,0.979333,28.5037,30.015106
70.23225614,0.940911,30.988617,0.571016,0.960588,25.705233,26.628128
66.96191744,0.933841,30.095272,0.554993,0.957024,24.717745,25.530182
67.74409286,0.937865,30.465733,0.564629,0.963535,25.054501,25.909445
72.52964056,0.947251,31.5494,0.591152,0.967231,26.292694,27.2234
73.45899108,0.950794,32.238987,0.600252,0.974142,27.155468,28.224234
72.52201787,0.948935,31.737463,0.59467,0.971841,26.573933,27.555794
73.24650732,0.950221,31.327387,0.603117,0.968221,26.102674,26.966738
74.9450489,0.94805,31.336592,0.6055,0.963571,26.071287,26.949535
70.5968498,0.936941,30.010355,0.583832,0.953209,24.772383,25.461315
70.58976405,0.938745,30.315519,0.584423,0.965115,24.860912,25.596935
75.84021686,0.950839,31.683086,0.610885,0.972029,26.274641,27.181755
71.65649186,0.945084,30.815887,0.594595,0.965745,25.368362,26.163528
74.45937944,0.951355,32.069908,0.608921,0.976553,26.528744,27.508371
72.16689635,0.941308,30.84199,0.585613,0.969424,25.239496,26.034781
67.04685048,0.924586,29.237068,0.563672,0.947534,23.652273,24.261194
68.98841932,0.925071,30.124231,0.567727,0.944967,24.7283,25.420933
74.31943411,0.947072,31.162064,0.603572,0.973468,25.378555,26.178968
74.14224618,0.945993,31.176985,0.601241,0.971646,25.519064,26.346777
73.94730419,0.943205,31.469221,0.591102,0.968091,26.138657,27.022797
72.75383648,0.94064,30.760698,0.590001,0.958757,25.267859,26.029152
76.13685795,0.948635,31.616133,0.608055,0.974316,26.254124,27.15856
73.84783196,0.945685,31.496408,0.596092,0.968849,26.328524,27.240032
73.93496577,0.945949,31.248682,0.600788,0.965496,25.903376,26.754612
76.81350294,0.952956,31.900501,0.618862,0.976218,26.455931,27.366049
74.29027924,0.947068,30.633558,0.605726,0.969684,25.184481,25.940758
75.88728952,0.947444,29.589861,0.613845,0.971347,24.385916,25.008974
75.03959789,0.945333,29.280279,0.606959,0.967077,24.004417,24.59321
75.15501124,0.947446,30.922741,0.604843,0.971859,25.567078,26.377867
69.50835071,0.930793,28.516424,0.576517,0.949562,23.155569,23.681007
71.49140047,0.93544,29.262371,0.587122,0.960676,23.987953,24.562258
76.51378379,0.950148,31.01823,0.615851,0.97814,25.362589,26.09712
73.07268533,0.943589,29.677067,0.596563,0.968086,24.110479,24.727404
71.57862405,0.938512,28.919525,0.58756,0.950078,23.70998,24.281641
74.1997066,0.946979,30.259211,0.603172,0.96718,24.828773,25.523998
73.94457,0.945907,29.930353,0.599636,0.970505,24.597933,25.27284
76.72005938,0.948078,31.033722,0.610498,0.965467,26.001417,26.790876
77.1503651,0.949655,31.669514,0.614958,0.976664,26.403341,27.333488
74.34116661,0.943066,30.636948,0.593407,0.97083,25.371988,26.147335
71.72634547,0.933794,29.771935,0.577625,0.951014,24.571814,25.21838
73.62306077,0.940736,30.322195,0.589953,0.9618,25.017033,25.734436
68.77592971,0.924824,28.689514,0.561668,0.941177,23.36438,23.931311
66.25509885,0.919748,28.107409,0.550937,0.9322,22.807709,23.336809
64.85065146,0.917902,27.995813,0.546438,0.931542,22.721664,23.245964
76.65901611,0.951941,31.187996,0.623884,0.978236,25.5495,26.291916
74.44340968,0.947148,30.509144,0.607439,0.973262,25.168056,25.913263
76.33204588,0.951554,31.943491,0.614301,0.977528,26.645454,27.588467
79.22157585,0.956856,33.566902,0.626833,0.98304,28.415304,29.829216
69.05457374,0.937404,30.134127,0.576011,0.965571,24.684423,25.492086
74.81970908,0.950749,32.75201,0.603371,0.979776,27.644793,28.970125
64.03521499,0.912166,28.19311,0.52885,0.931523,22.722504,23.323355
59.22404489,0.889708,26.716694,0.502251,0.89349,21.357882,21.842133
64.32207195,0.908983,28.219833,0.538192,0.924841,22.810081,23.392883
65.43647038,0.918848,28.728325,0.547583,0.936972,23.307219,23.952065
70.68393529,0.938548,30.694895,0.575884,0.958138,25.497799,26.388433
69.78481182,0.937656,30.43936,0.574442,0.964157,25.155584,26.013268
73.19273084,0.945055,31.02792,0.598944,0.955008,25.884014,26.745203
74.76439197,0.951201,32.608089,0.608685,0.977021,27.553865,28.774958
72.24474706,0.946833,31.432203,0.601407,0.965167,26.2712,27.225035
72.87597359,0.945354,30.818352,0.604372,0.951263,25.610758,26.413763
74.39286059,0.947176,32.011444,0.597042,0.97351,26.594564,27.580711
61.22225767,0.900939,27.825523,0.521882,0.902336,22.384426,22.893946
59.64184378,0.896851,27.572351,0.513221,0.890186,22.192348,22.686195
65.23948691,0.917511,29.385416,0.538448,0.918724,24.266314,24.915335
71.86953988,0.9378,31.719503,0.577625,0.968882,26.395811,27.447111
61.7659737,0.907317,28.888788,0.52816,0.93242,23.457762,24.134098
62.88760289,0.914136,29.392206,0.537186,0.937986,24.021585,24.757841
67.63989263,0.93452,30.4597,0.568171,0.960125,25.022007,25.880655
66.16452897,0.933533,29.684729,0.565816,0.95524,24.183367,24.944374
67.21918804,0.935098,29.208637,0.581076,0.955455,23.642021,24.27599
67.57889675,0.937309,29.620922,0.576987,0.961194,23.991184,24.698481
64.72927697,0.931743,28.747131,0.568892,0.951246,23.120817,23.734203
71.86104545,0.94425,31.481249,0.593904,0.964431,26.246567,27.200424
70.86649289,0.945158,29.8638,0.605529,0.967663,24.511606,25.225752
69.40673998,0.942624,29.221762,0.596672,0.960597,23.911478,24.540518
69.39048683,0.940644,29.116266,0.593275,0.952167,23.842278,24.441395
73.81545552,0.946813,31.754629,0.606526,0.974068,26.406549,27.346498
77.57969173,0.953229,33.792637,0.612958,0.979224,28.741186,30.151394
64.35932396,0.923674,28.738848,0.55204,0.946809,23.26893,23.87657
67.94822353,0.936354,29.826786,0.57639,0.957919,24.375063,25.079138
69.45110688,0.93708,30.534088,0.574799,0.966074,24.911985,25.690981
67.07428595,0.933277,29.411802,0.567339,0.953664,24.144827,24.807587
70.49493864,0.944128,29.928188,0.5926,0.959689,24.783638,25.474453
74.70520031,0.949938,31.774168,0.611778,0.968385,26.588556,27.472754
69.72602562,0.943407,29.894604,0.596502,0.956734,24.727356,25.38925
71.5449195,0.947736,30.930847,0.606402,0.969476,25.632847,26.439129
65.87487911,0.930302,28.564266,0.563981,0.949908,23.219715,23.791561
63.96694637,0.92109,27.664845,0.547484,0.937584,22.420767,22.905333
64.65946349,0.92889,28.104378,0.559068,0.947004,22.752392,23.288555
63.70311901,0.922196,27.468472,0.552855,0.926509,22.233931,22.716999
65.74398679,0.926191,28.133444,0.567397,0.945952,22.745268,23.263035
62.27738955,0.916772,27.096529,0.549833,0.93138,21.700563,22.156752
65.73420047,0.929583,27.849855,0.571226,0.938947,22.393778,22.880003
62.81781638,0.920877,27.743319,0.549074,0.939298,22.401573,22.914785
60.86889421,0.91542,27.08279,0.539307,0.930914,21.846767,22.326416
61.5137723,0.919223,27.289593,0.544266,0.935057,21.942356,22.421946
66.58140039,0.936229,28.518633,0.582499,0.950657,23.205614,23.725491
60.3427246,0.926052,26.744925,0.562945,0.924571,21.546986,21.94409
63.56397237,0.936567,27.474834,0.587489,0.944243,22.13521,22.571396
63.76450058,0.937451,27.572435,0.587862,0.946547,22.461027,22.91794
67.35662919,0.935645,28.699615,0.584827,0.95413,23.081663,23.602013
63.46733366,0.930784,26.925352,0.574911,0.937583,21.668547,22.091648
65.7610017,0.94089,27.632816,0.599499,0.949632,22.269239,22.707228
68.03175573,0.943513,28.434536,0.603914,0.957606,22.915915,23.417454
65.00713855,0.936911,27.047924,0.588053,0.935932,21.749605,22.171452
61.59443557,0.926963,26.379229,0.560458,0.92088,21.200075,21.601572
63.21938072,0.931862,27.3727,0.570212,0.945168,22.013454,22.511154
58.77510158,0.921855,26.51825,0.550721,0.92865,21.259218,21.698532
66.09559476,0.938485,29.437204,0.578701,0.961659,24.042765,24.717216
61.87198833,0.928933,28.039921,0.557575,0.945915,22.724083,23.271881
59.97148099,0.92555,27.419924,0.547508,0.93604,22.251047,22.749733
65.66614513,0.939105,28.157427,0.581582,0.952148,22.90066,23.433224
68.92347776,0.93826,29.320332,0.578624,0.957339,23.95293,24.589989
72.51936679,0.945497,30.556065,0.596873,0.964975,25.298637,26.043922
71.02970304,0.943753,29.719276,0.594668,0.960535,24.479996,25.132298
71.49706141,0.945085,29.552019,0.596777,0.963171,24.373999,25.030224
75.66930834,0.952779,31.435713,0.617536,0.976465,26.194399,27.001457
71.92762638,0.943763,29.478994,0.591776,0.963516,24.306845,24.900612
64.97667381,0.939277,29.432095,0.539347,0.958636,24.159483,24.878647
79.1773096,0.959035,33.194683,0.621922,0.984352,28.198709,29.518608
78.44782767,0.958061,32.117767,0.620062,0.982902,27.143417,28.201149
76.77322985,0.955813,30.634945,0.614412,0.976677,25.755592,26.566814
77.28582322,0.957149,30.966797,0.617503,0.975341,26.053268,26.890831
75.89038168,0.955046,29.290117,0.614655,0.970345,24.310585,24.938868
76.05068295,0.957339,30.645367,0.618605,0.980085,25.762436,26.593887
76.2012468,0.956067,30.001146,0.615507,0.980903,25.190876,25.889116
77.74865734,0.956602,31.10907,0.618864,0.981819,26.308489,27.158096
76.66296765,0.954836,30.176355,0.613587,0.979672,25.401579,26.117668
78.57504417,0.957065,31.662441,0.617856,0.981677,26.746397,27.689817
77.55887847,0.955469,31.890213,0.612267,0.980222,27.034552,28.032387
75.0188388,0.951762,29.855455,0.60154,0.975965,25.100962,25.765192
77.52692441,0.956197,30.516726,0.61686,0.98066,25.807171,26.540365
75.0961338,0.951284,27.755344,0.604626,0.97416,23.154104,23.571247
75.35806784,0.95154,27.766996,0.605713,0.974354,23.16564,23.58246
75.11008798,0.953797,28.651278,0.610615,0.975048,24.046869,24.56134
81.00484803,0.962221,34.27116,0.642262,0.985191,29.530111,30.987169
80.85445619,0.962271,34.300892,0.641219,0.984879,29.500814,30.969774
79.1018686,0.95988,32.344978,0.633206,0.978983,27.562929,28.562304
78.51133113,0.958793,32.217075,0.628622,0.978634,27.390358,28.399529
76.69485187,0.956803,31.876772,0.619545,0.977412,26.956127,27.937292
74.3128514,0.952915,31.07637,0.605991,0.972319,26.150879,27.009806
76.99705383,0.957868,32.944134,0.621337,0.980927,27.930706,29.11352
76.99537198,0.958249,31.946728,0.6218,0.981868,26.941065,27.924339
74.33617122,0.954682,31.087645,0.61079,0.978577,26.035343,26.919714
78.51310893,0.961043,34.49786,0.630584,0.98561,29.64419,31.456188
78.7259104,0.960476,34.442478,0.628081,0.985544,29.551994,31.37952
78.69395675,0.960561,34.459496,0.628462,0.985581,29.57304,31.407707
77.15536057,0.955531,32.476715,0.613324,0.982742,27.176168,28.494326
